Location,Sample_Date,Species,Live_n
Bonticou,2/27/2018,BULL,0
Bonticou,2/27/2018,GRFR,0
Bonticou,2/27/2018,JEBL,0
Bonticou,2/27/2018,JESA,0
Bonticou,2/27/2018,MASA,0
Bonticou,2/27/2018,NEWT,0
Bonticou,2/27/2018,PEEP,0
Bonticou,2/27/2018,SPSA,0
Bonticou,2/27/2018,WOFR,0
Bonticou,2/3/2006,JESA,1
Bonticou,2/3/2006,NEWT,6
Bonticou,2/3/2006,WOFR,1
Bonticou,3/10/1973,JESA,1
Bonticou,3/10/1973,SPSA,0
Bonticou,3/12/1973,JESA,2
Bonticou,3/15/1990,PEEP,5
Bonticou,3/15/2006,NEWT,2
Bonticou,3/16/1977,JESA,0
Bonticou,3/16/1977,SPSA,0
Bonticou,3/17/1973,JESA,2
Bonticou,3/17/1973,SPSA,2
Bonticou,3/17/1973,WOFR,2
Bonticou,3/18/1974,JESA,0
Bonticou,3/18/1974,PEEP,0
Bonticou,3/18/1974,SPSA,0
Bonticou,3/18/1996,JESA,0
Bonticou,3/18/1996,SPSA,0
Bonticou,3/18/2012,SPSA,1
Bonticou,3/18/2016,BULL,0
Bonticou,3/18/2016,GRFR,0
Bonticou,3/18/2016,JEBL,0
Bonticou,3/18/2016,JESA,0
Bonticou,3/18/2016,MASA,0
Bonticou,3/18/2016,NEWT,4
Bonticou,3/18/2016,PEEP,NA
Bonticou,3/18/2016,SPSA,0
Bonticou,3/18/2016,WOFR,3
Bonticou,3/2/2000,JESA,60
Bonticou,3/2/2000,NEWT,2
Bonticou,3/20/1959,JESA,0
Bonticou,3/20/1985,SPSA,NA
Bonticou,3/22/1975,JESA,2
Bonticou,3/22/1975,SPSA,0
Bonticou,3/23/1974,PEEP,0
Bonticou,3/23/1975,JESA,2
Bonticou,3/23/1975,SPSA,0
Bonticou,3/24/1974,JESA,0
Bonticou,3/24/1974,PEEP,2
Bonticou,3/24/1974,SPSA,0
Bonticou,3/24/1975,JESA,7
Bonticou,3/24/1975,SPSA,1
Bonticou,3/24/1979,JESA,7
Bonticou,3/24/1979,SPSA,4
Bonticou,3/25/1966,SPSA,2
Bonticou,3/25/1975,JESA,20
Bonticou,3/25/1975,SPSA,2
Bonticou,3/25/1976,JESA,7
Bonticou,3/25/1976,SPSA,0
Bonticou,3/25/1979,JESA,7
Bonticou,3/25/1979,SPSA,15
Bonticou,3/26/1968,JESA,20
Bonticou,3/26/1968,SPSA,0
Bonticou,3/26/1976,PEEP,1
Bonticou,3/26/1991,JESA,NA
Bonticou,3/26/1991,JESA/JEBL,NA
Bonticou,3/26/1991,NEWT,1
Bonticou,3/26/1991,PEEP,1
Bonticou,3/26/1991,SPSA,NA
Bonticou,3/26/1991,WOFR,10
Bonticou,3/27/1976,SPSA,55
Bonticou,3/28/1961,JESA,0
Bonticou,3/28/1976,SPSA,NA
Bonticou,3/28/1979,JESA,3
Bonticou,3/28/1979,SPSA,0
Bonticou,3/28/1981,JESA,NA
Bonticou,3/28/1985,PEEP,10
Bonticou,3/28/1985,SPSA,0
Bonticou,3/28/2003,JESA,NA
Bonticou,3/28/2003,JESA/JEBL,NA
Bonticou,3/28/2003,PEEP,24
Bonticou,3/28/2003,SPSA,NA
Bonticou,3/28/2003,WOFR,40
Bonticou,3/28/2006,NEWT,1
Bonticou,3/28/2006,PEEP,5
Bonticou,3/28/2006,WOFR,80
Bonticou,3/28/2018,BULL,0
Bonticou,3/28/2018,GRFR,0
Bonticou,3/28/2018,JEBL,0
Bonticou,3/28/2018,JESA,0
Bonticou,3/28/2018,MASA,0
Bonticou,3/28/2018,NEWT,3
Bonticou,3/28/2018,PEEP,0
Bonticou,3/28/2018,SPSA,0
Bonticou,3/28/2018,WOFR,0
Bonticou,3/29/1961,JESA,30
Bonticou,3/29/1961,SPSA,1
Bonticou,3/29/1981,PEEP,1
Bonticou,3/29/1981,SPSA,0
Bonticou,3/29/2004,WOFR,50
Bonticou,3/29/2019,BULL,0
Bonticou,3/29/2019,GRFR,0
Bonticou,3/29/2019,JEBL,0
Bonticou,3/29/2019,JESA,0
Bonticou,3/29/2019,MASA,0
Bonticou,3/29/2019,NEWT,30
Bonticou,3/29/2019,PEEP,0
Bonticou,3/29/2019,SPSA,0
Bonticou,3/29/2019,WOFR,0
Bonticou,3/30/1962,JESA,12
Bonticou,3/30/1962,SPSA,1
Bonticou,3/30/1963,WOFR,10
Bonticou,3/30/2016,BULL,0
Bonticou,3/30/2016,GRFR,0
Bonticou,3/30/2016,JEBL,0
Bonticou,3/30/2016,JESA,0
Bonticou,3/30/2016,MASA,0
Bonticou,3/30/2016,NEWT,60
Bonticou,3/30/2016,PEEP,4
Bonticou,3/30/2016,SPSA,0
Bonticou,3/30/2016,WOFR,0
Bonticou,3/30/2018,BULL,0
Bonticou,3/30/2018,GRFR,0
Bonticou,3/30/2018,JEBL,0
Bonticou,3/30/2018,JESA,0
Bonticou,3/30/2018,MASA,0
Bonticou,3/30/2018,NEWT,12
Bonticou,3/30/2018,PEEP,0
Bonticou,3/30/2018,SPSA,0
Bonticou,3/30/2018,WOFR,250
Bonticou,3/30/2019,BULL,0
Bonticou,3/30/2019,GRFR,0
Bonticou,3/30/2019,JEBL,0
Bonticou,3/30/2019,JESA,0
Bonticou,3/30/2019,MASA,0
Bonticou,3/30/2019,NEWT,100
Bonticou,3/30/2019,PEEP,0
Bonticou,3/30/2019,SPSA,0
Bonticou,3/30/2019,WOFR,0
Bonticou,3/31/1957,JESA,16
Bonticou,3/31/1957,SPSA,0
Bonticou,3/31/1960,JESA,15
Bonticou,3/31/1960,SPSA,7
Bonticou,3/31/1962,JESA,50
Bonticou,3/31/1962,WOFR,2
Bonticou,3/31/1963,JESA,2
Bonticou,3/31/1963,SPSA,3
Bonticou,3/31/1986,SPSA,NA
Bonticou,3/31/1987,JESA,1
Bonticou,3/31/1987,PEEP,50
Bonticou,3/31/1989,JESA,1
Bonticou,3/31/1989,SPSA,12
Bonticou,3/31/1995,PEEP,1
Bonticou,3/5/2008,JESA,0
Bonticou,3/8/1974,JESA,NA
Bonticou,3/8/1974,SPSA,NA
Bonticou,3/9/2001,NEWT,1
Bonticou,4/1/1959,JESA,0
Bonticou,4/1/1960,JESA,20
Bonticou,4/1/1960,SPSA,0
Bonticou,4/1/1961,JESA,30
Bonticou,4/1/1961,SPSA,1
Bonticou,4/1/1973,JESA,NA
Bonticou,4/1/1975,JESA,0
Bonticou,4/1/1975,PEEP,5
Bonticou,4/1/1975,SPSA,0
Bonticou,4/1/1976,SPSA,8
Bonticou,4/1/1977,JESA,1
Bonticou,4/1/1977,PEEP,2
Bonticou,4/1/1977,SPSA,1
Bonticou,4/1/1978,JESA,1
Bonticou,4/1/2008,NEWT,20
Bonticou,4/1/2008,PEEP,110
Bonticou,4/1/2008,SPSA,NA
Bonticou,4/1/2008,WOFR,7
Bonticou,4/1/2009,NEWT,19
Bonticou,4/1/2009,PEEP,4
Bonticou,4/1/2009,SPSA,NA
Bonticou,4/1/2009,WOFR,NA
Bonticou,4/10/1959,JESA,20
Bonticou,4/10/1959,SPSA,35
Bonticou,4/10/1975,PEEP,1
Bonticou,4/10/2006,JESA,NA
Bonticou,4/10/2006,PEEP,4
Bonticou,4/10/2006,SPSA,NA
Bonticou,4/10/2006,WOFR,NA
Bonticou,4/11/1989,PEEP,2
Bonticou,4/11/1989,SPSA,6
Bonticou,4/11/1996,NEWT,1
Bonticou,4/11/1996,PEEP,1
Bonticou,4/11/1996,SPSA,NA
Bonticou,4/11/1996,WOFR,2
Bonticou,4/11/2008,PEEP,2
Bonticou,4/11/2008,SPSA,NA
Bonticou,4/11/2008,WOFR,NA
Bonticou,4/11/2013,JESA,2
Bonticou,4/11/2013,PEEP,3
Bonticou,4/12/1961,JESA,25
Bonticou,4/12/1961,SPSA,0
Bonticou,4/12/1961,WOFR,3
Bonticou,4/12/1970,WOFR,75
Bonticou,4/12/1985,JESA,0
Bonticou,4/12/1985,PEEP,2
Bonticou,4/12/1985,SPSA,NA
Bonticou,4/12/1989,SPSA,2
Bonticou,4/12/1995,PEEP,1
Bonticou,4/12/1995,SPSA,1
Bonticou,4/12/1995,WOFR,11
Bonticou,4/13/1958,JESA,15
Bonticou,4/13/1958,SPSA,1
Bonticou,4/13/1959,SPSA,2
Bonticou,4/13/1970,SPSA,1
Bonticou,4/13/1978,JESA,1
Bonticou,4/13/1978,SPSA,13
Bonticou,4/13/2008,JESA/JEBL,NA
Bonticou,4/14/1993,PEEP,1
Bonticou,4/14/1993,SPSA,NA
Bonticou,4/14/1993,WOFR,1
Bonticou,4/14/2011,GRFR,3
Bonticou,4/14/2011,JESA,NA
Bonticou,4/14/2011,NEWT,4
Bonticou,4/14/2011,PEEP,10
Bonticou,4/14/2011,SPSA,NA
Bonticou,4/14/2011,WOFR,1
Bonticou,4/15/1957,JESA,2
Bonticou,4/15/1957,SPSA,5
Bonticou,4/15/1960,JESA,2
Bonticou,4/15/1960,PEEP,2
Bonticou,4/15/1960,SPSA,2
Bonticou,4/15/1961,JESA,2
Bonticou,4/15/1961,PEEP,0
Bonticou,4/15/1961,SPSA,0
Bonticou,4/15/1974,JESA,NA
Bonticou,4/15/1974,SPSA,NA
Bonticou,4/15/1997,JESA,NA
Bonticou,4/15/1997,NEWT,1
Bonticou,4/15/1997,PEEP,5
Bonticou,4/15/1997,SPSA,NA
Bonticou,4/15/1997,WOFR,NA
Bonticou,4/15/2013,BULL,NA
Bonticou,4/15/2013,GRFR,1
Bonticou,4/15/2013,JESA,NA
Bonticou,4/15/2013,NEWT,5
Bonticou,4/15/2013,PEEP,8
Bonticou,4/15/2013,SPSA,NA
Bonticou,4/15/2013,WOFR,NA
Bonticou,4/16/1959,SPSA,2
Bonticou,4/16/1961,JESA,5
Bonticou,4/16/1961,SPSA,45
Bonticou,4/16/1965,SPSA,32
Bonticou,4/16/1978,JESA,NA
Bonticou,4/16/1978,SPSA,NA
Bonticou,4/16/1991,SPSA,NA
Bonticou,4/16/1993,JESA,NA
Bonticou,4/16/1993,PEEP,1
Bonticou,4/16/1993,SPSA,NA
Bonticou,4/16/1993,WOFR,1
Bonticou,4/16/2001,BULL,NA
Bonticou,4/16/2001,JESA,NA
Bonticou,4/16/2001,PEEP,3
Bonticou,4/16/2001,SPSA,NA
Bonticou,4/16/2001,WOFR,1
Bonticou,4/16/2014,BULL,NA
Bonticou,4/16/2014,JESA/JEBL,NA
Bonticou,4/16/2014,NEWT,23
Bonticou,4/16/2014,PEEP,3
Bonticou,4/16/2014,SPSA,NA
Bonticou,4/16/2014,WOFR,NA
Bonticou,4/16/2019,BULL,0
Bonticou,4/16/2019,GRFR,0
Bonticou,4/16/2019,JEBL,0
Bonticou,4/16/2019,JESA,0
Bonticou,4/16/2019,MASA,0
Bonticou,4/16/2019,NEWT,51
Bonticou,4/16/2019,PEEP,0
Bonticou,4/16/2019,SPSA,0
Bonticou,4/16/2019,WOFR,0
Bonticou,4/17/1961,SPSA,2
Bonticou,4/17/1996,SPSA,NA
Bonticou,4/17/1996,WOFR,NA
Bonticou,4/17/2006,PEEP,1
Bonticou,4/17/2018,BULL,0
Bonticou,4/17/2018,GRFR,0
Bonticou,4/17/2018,JEBL,0
Bonticou,4/17/2018,JESA,0
Bonticou,4/17/2018,MASA,0
Bonticou,4/17/2018,NEWT,1
Bonticou,4/17/2018,PEEP,0
Bonticou,4/17/2018,SPSA,0
Bonticou,4/17/2018,WOFR,0
Bonticou,4/18/1961,JESA,4
Bonticou,4/18/1961,PEEP,1
Bonticou,4/18/1961,SPSA,120
Bonticou,4/18/2007,NEWT,9
Bonticou,4/18/2007,PEEP,20
Bonticou,4/18/2007,SPSA,NA
Bonticou,4/18/2007,WOFR,30
Bonticou,4/19/1955,SPSA,NA
Bonticou,4/19/1957,JESA,1
Bonticou,4/19/1957,SPSA,2
Bonticou,4/19/1958,JESA,15
Bonticou,4/19/1958,SPSA,30
Bonticou,4/19/1959,JESA,2
Bonticou,4/19/1959,SPSA,2
Bonticou,4/2/1957,JESA,2
Bonticou,4/2/1957,PEEP,1
Bonticou,4/2/1957,SPSA,5
Bonticou,4/2/1957,WOFR,2
Bonticou,4/2/1959,JESA,0
Bonticou,4/2/1974,JESA,0
Bonticou,4/2/1977,JESA,NA
Bonticou,4/2/1977,SPSA,8
Bonticou,4/2/1982,PEEP,1
Bonticou,4/2/1982,WOFR,1
Bonticou,4/2/1991,NEWT,5
Bonticou,4/2/1991,PEEP,2
Bonticou,4/2/1991,SPSA,NA
Bonticou,4/2/1991,WOFR,NA
Bonticou,4/2/2019,BULL,0
Bonticou,4/2/2019,GRFR,0
Bonticou,4/2/2019,JEBL,0
Bonticou,4/2/2019,JESA,0
Bonticou,4/2/2019,MASA,0
Bonticou,4/2/2019,NEWT,50
Bonticou,4/2/2019,PEEP,0
Bonticou,4/2/2019,SPSA,0
Bonticou,4/2/2019,WOFR,100
Bonticou,4/20/1989,PEEP,50
Bonticou,4/20/1994,JESA,NA
Bonticou,4/20/1994,NEWT,3
Bonticou,4/20/1994,PEEP,1
Bonticou,4/20/1994,SPSA,NA
Bonticou,4/20/1994,WOFR,1
Bonticou,4/21/1963,JESA,NA
Bonticou,4/21/1963,SPSA,NA
Bonticou,4/21/1986,PEEP,2
Bonticou,4/21/1986,SPSA,NA
Bonticou,4/21/2003,NEWT,15
Bonticou,4/21/2003,PEEP,1
Bonticou,4/21/2003,SPSA,NA
Bonticou,4/21/2003,WOFR,NA
Bonticou,4/22/2003,NEWT,2
Bonticou,4/22/2003,PEEP,1
Bonticou,4/23/1993,JESA,NA
Bonticou,4/23/1993,SPSA,NA
Bonticou,4/23/1993,WOFR,NA
Bonticou,4/23/2017,BULL,0
Bonticou,4/23/2017,GRFR,0
Bonticou,4/23/2017,JEBL,0
Bonticou,4/23/2017,JESA,0
Bonticou,4/23/2017,MASA,0
Bonticou,4/23/2017,NEWT,100
Bonticou,4/23/2017,PEEP,NA
Bonticou,4/23/2017,SPSA,0
Bonticou,4/23/2017,WOFR,0
Bonticou,4/23/2019,BULL,0
Bonticou,4/23/2019,GRFR,4
Bonticou,4/23/2019,JEBL,0
Bonticou,4/23/2019,JESA,0
Bonticou,4/23/2019,MASA,0
Bonticou,4/23/2019,NEWT,28
Bonticou,4/23/2019,PEEP,0
Bonticou,4/23/2019,SPSA,0
Bonticou,4/23/2019,WOFR,0
Bonticou,4/24/2018,BULL,0
Bonticou,4/24/2018,GRFR,0
Bonticou,4/24/2018,JEBL,0
Bonticou,4/24/2018,JESA,0
Bonticou,4/24/2018,MASA,0
Bonticou,4/24/2018,NEWT,30
Bonticou,4/24/2018,PEEP,0
Bonticou,4/24/2018,SPSA,0
Bonticou,4/24/2018,WOFR,0
Bonticou,4/25/1966,JESA,2
Bonticou,4/27/1987,SPSA,NA
Bonticou,4/3/1957,JESA,12
Bonticou,4/3/1957,SPSA,27
Bonticou,4/3/1959,JESA,25
Bonticou,4/3/1960,JESA,31
Bonticou,4/3/1960,SPSA,7
Bonticou,4/3/1967,JESA,5
Bonticou,4/3/1967,SPSA,15
Bonticou,4/3/1968,PEEP,1
Bonticou,4/3/1968,SPSA,20
Bonticou,4/3/1969,JESA,NA
Bonticou,4/3/1978,JESA,2
Bonticou,4/3/1981,JESA,0
Bonticou,4/3/1981,PEEP,2
Bonticou,4/3/1981,SPSA,1
Bonticou,4/3/1982,JESA,0
Bonticou,4/3/1982,PEEP,2
Bonticou,4/3/1989,JESA,30
Bonticou,4/4/1959,JESA,25
Bonticou,4/4/1960,JESA,0
Bonticou,4/4/1960,SPSA,0
Bonticou,4/4/1960,WOFR,2
Bonticou,4/4/1962,PEEP,0
Bonticou,4/4/1962,SPSA,0
Bonticou,4/4/1974,JESA,0
Bonticou,4/4/1974,PEEP,1
Bonticou,4/4/1974,SPSA,8
Bonticou,4/5/1958,JESA,10
Bonticou,4/5/1976,SPSA,NA
Bonticou,4/5/1978,JESA,4
Bonticou,4/5/1978,SPSA,7
Bonticou,4/5/1982,JESA,NA
Bonticou,4/5/1986,SPSA,6
Bonticou,4/5/1988,PEEP,1
Bonticou,4/5/1993,JEBL,0
Bonticou,4/5/1993,JESA,0
Bonticou,4/5/1993,MASA,0
Bonticou,4/5/1993,SPSA,0
Bonticou,4/5/2001,BULL,NA
Bonticou,4/5/2010,GRFR,1
Bonticou,4/5/2010,PEEP,1
Bonticou,4/5/2010,SPSA,NA
Bonticou,4/5/2010,WOFR,NA
Bonticou,4/5/2013,PEEP,0
Bonticou,4/5/2013,WOFR,0
Bonticou,4/6/1958,JESA,10
Bonticou,4/6/1958,SPSA,2
Bonticou,4/6/1962,JESA,1
Bonticou,4/6/1962,PEEP,2
Bonticou,4/6/1962,SPSA,60
Bonticou,4/6/2004,NEWT,4
Bonticou,4/6/2004,PEEP,20
Bonticou,4/6/2004,SPSA,NA
Bonticou,4/6/2004,WOFR,20
Bonticou,4/6/2005,PEEP,25
Bonticou,4/6/2005,SPSA,NA
Bonticou,4/6/2005,WOFR,78
Bonticou,4/6/2018,BULL,0
Bonticou,4/6/2018,GRFR,0
Bonticou,4/6/2018,JEBL,0
Bonticou,4/6/2018,JESA,0
Bonticou,4/6/2018,MASA,0
Bonticou,4/6/2018,NEWT,0
Bonticou,4/6/2018,PEEP,0
Bonticou,4/6/2018,SPSA,0
Bonticou,4/6/2018,WOFR,0
Bonticou,4/7/1975,JESA,0
Bonticou,4/7/1975,SPSA,0
Bonticou,4/7/1978,SPSA,26
Bonticou,4/7/1978,WOFR,12
Bonticou,4/7/1989,SPSA,NA
Bonticou,4/7/1994,JESA,0
Bonticou,4/7/1994,PEEP,4
Bonticou,4/7/1994,SPSA,NA
Bonticou,4/8/1960,JESA,10
Bonticou,4/8/1960,SPSA,6
Bonticou,4/8/1964,WOFR,1
Bonticou,4/8/1965,JESA,5
Bonticou,4/8/1965,PEEP,2
Bonticou,4/8/1965,SPSA,0
Bonticou,4/8/1986,JESA,NA
Bonticou,4/8/1986,PEEP,20
Bonticou,4/8/1986,SPSA,0
Bonticou,4/8/1999,NEWT,13
Bonticou,4/8/1999,PEEP,4
Bonticou,4/8/1999,SPSA,NA
Bonticou,4/8/1999,WOFR,1
Bonticou,4/8/2017,BULL,0
Bonticou,4/8/2017,GRFR,0
Bonticou,4/8/2017,JEBL,0
Bonticou,4/8/2017,JESA,0
Bonticou,4/8/2017,MASA,0
Bonticou,4/8/2017,NEWT,10
Bonticou,4/8/2017,PEEP,NA
Bonticou,4/8/2017,SPSA,0
Bonticou,4/8/2017,WOFR,45
Bonticou,4/8/2019,BULL,0
Bonticou,4/8/2019,GRFR,0
Bonticou,4/8/2019,JEBL,0
Bonticou,4/8/2019,JESA,0
Bonticou,4/8/2019,MASA,0
Bonticou,4/8/2019,NEWT,40
Bonticou,4/8/2019,PEEP,0
Bonticou,4/8/2019,SPSA,0
Bonticou,4/8/2019,WOFR,7
Bonticou,4/9/1958,JESA,25
Bonticou,4/9/1958,SPSA,10
Bonticou,4/9/1958,WOFR,3
Bonticou,4/9/1971,JESA,0
Bonticou,4/9/1971,SPSA,0
Bonticou,4/9/1990,NEWT,10
Bonticou,4/9/1990,PEEP,2
Bonticou,4/9/1990,SPSA,NA
Bonticou,4/9/1993,WOFR,1
Bonticou,4/9/2002,SPSA,NA
Bonticou,4/9/2002,WOFR,NA
Bonticou,5/10/1978,SPSA,NA
Bonticou,5/13/1978,SPSA,NA
Bonticou,5/13/1979,PEEP,1
Bonticou,5/15/1978,SPSA,NA
Bonticou,5/18/1978,SPSA,NA
Bonticou,5/27/2004,MASA,1
Bonticou,5/5/1978,SPSA,NA
Bonticou,5/5/1986,SPSA,NA
Canaan,3/16/2006,NEWT,1
Canaan,3/18/2009,JESA,NA
Canaan,3/18/2009,NEWT,22
Canaan,3/18/2009,WOFR,4
Canaan,3/19/2018,BULL,0
Canaan,3/19/2018,GRFR,0
Canaan,3/19/2018,JEBL,0
Canaan,3/19/2018,JESA,0
Canaan,3/19/2018,MASA,0
Canaan,3/19/2018,NEWT,0
Canaan,3/19/2018,PEEP,0
Canaan,3/19/2018,SPSA,0
Canaan,3/19/2018,WOFR,0
Canaan,3/22/1975,JESA,NA
Canaan,3/22/2016,BULL,0
Canaan,3/22/2016,GRFR,0
Canaan,3/22/2016,JEBL,0
Canaan,3/22/2016,JESA,0
Canaan,3/22/2016,MASA,0
Canaan,3/22/2016,NEWT,5
Canaan,3/22/2016,PEEP,0
Canaan,3/22/2016,SPSA,0
Canaan,3/22/2016,WOFR,0
Canaan,3/23/2010,JESA,1
Canaan,3/23/2010,NEWT,30
Canaan,3/23/2010,PEEP,5
Canaan,3/23/2010,SPSA,1
Canaan,3/23/2010,WOFR,7
Canaan,3/23/2018,BULL,0
Canaan,3/23/2018,GRFR,0
Canaan,3/23/2018,JEBL,0
Canaan,3/23/2018,JESA,0
Canaan,3/23/2018,MASA,0
Canaan,3/23/2018,NEWT,20
Canaan,3/23/2018,PEEP,0
Canaan,3/23/2018,SPSA,0
Canaan,3/23/2018,WOFR,4
Canaan,3/25/1977,JESA,6
Canaan,3/25/1977,SPSA,10
Canaan,3/29/2018,BULL,0
Canaan,3/29/2018,GRFR,0
Canaan,3/29/2018,JEBL,0
Canaan,3/29/2018,JESA,0
Canaan,3/29/2018,MASA,0
Canaan,3/29/2018,NEWT,10
Canaan,3/29/2018,PEEP,0
Canaan,3/29/2018,SPSA,0
Canaan,3/29/2018,WOFR,0
Canaan,3/29/2019,BULL,0
Canaan,3/29/2019,GRFR,0
Canaan,3/29/2019,JEBL,0
Canaan,3/29/2019,JESA,0
Canaan,3/29/2019,MASA,0
Canaan,3/29/2019,NEWT,11
Canaan,3/29/2019,PEEP,0
Canaan,3/29/2019,SPSA,0
Canaan,3/29/2019,WOFR,1
Canaan,3/30/2009,WOFR,100
Canaan,3/30/2018,BULL,0
Canaan,3/30/2018,GRFR,0
Canaan,3/30/2018,JEBL,0
Canaan,3/30/2018,JESA,0
Canaan,3/30/2018,MASA,0
Canaan,3/30/2018,NEWT,5
Canaan,3/30/2018,PEEP,0
Canaan,3/30/2018,SPSA,5
Canaan,3/30/2018,WOFR,50
Canaan,3/30/2019,BULL,0
Canaan,3/30/2019,GRFR,0
Canaan,3/30/2019,JEBL,0
Canaan,3/30/2019,JESA,0
Canaan,3/30/2019,MASA,0
Canaan,3/30/2019,NEWT,20
Canaan,3/30/2019,PEEP,0
Canaan,3/30/2019,SPSA,0
Canaan,3/30/2019,WOFR,300
Canaan,3/6/2018,BULL,0
Canaan,3/6/2018,GRFR,0
Canaan,3/6/2018,JEBL,0
Canaan,3/6/2018,JESA,0
Canaan,3/6/2018,MASA,0
Canaan,3/6/2018,NEWT,0
Canaan,3/6/2018,PEEP,0
Canaan,3/6/2018,SPSA,0
Canaan,3/6/2018,WOFR,0
Canaan,4/10/2013,NEWT,1
Canaan,4/10/2013,PEEP,5
Canaan,4/10/2013,SPSA,2
Canaan,4/10/2013,WOFR,1
Canaan,4/10/2019,BULL,0
Canaan,4/10/2019,GRFR,0
Canaan,4/10/2019,JEBL,0
Canaan,4/10/2019,JESA,0
Canaan,4/10/2019,MASA,0
Canaan,4/10/2019,NEWT,8
Canaan,4/10/2019,PEEP,1
Canaan,4/10/2019,SPSA,1
Canaan,4/10/2019,WOFR,0
Canaan,4/11/2006,JESA,NA
Canaan,4/11/2006,NEWT,29
Canaan,4/11/2006,PEEP,1
Canaan,4/11/2006,SPSA,NA
Canaan,4/11/2006,WOFR,NA
Canaan,4/14/2011,GRFR,27
Canaan,4/14/2011,JESA,NA
Canaan,4/14/2011,NEWT,41
Canaan,4/14/2011,SPSA,2
Canaan,4/14/2011,WOFR,1
Canaan,4/14/2016,BULL,0
Canaan,4/14/2016,GRFR,0
Canaan,4/14/2016,JEBL,0
Canaan,4/14/2016,JESA,0
Canaan,4/14/2016,MASA,0
Canaan,4/14/2016,NEWT,20
Canaan,4/14/2016,PEEP,0
Canaan,4/14/2016,SPSA,0
Canaan,4/14/2016,WOFR,0
Canaan,4/15/1960,JESA,2
Canaan,4/15/1960,SPSA,3
Canaan,4/17/2014,JESA/JEBL,NA
Canaan,4/17/2014,NEWT,35
Canaan,4/17/2014,SPSA,NA
Canaan,4/17/2014,WOFR,1
Canaan,4/17/2018,BULL,0
Canaan,4/17/2018,GRFR,0
Canaan,4/17/2018,JEBL,0
Canaan,4/17/2018,JESA,0
Canaan,4/17/2018,MASA,0
Canaan,4/17/2018,NEWT,0
Canaan,4/17/2018,PEEP,0
Canaan,4/17/2018,SPSA,0
Canaan,4/17/2018,WOFR,0
Canaan,4/19/2019,BULL,0
Canaan,4/19/2019,GRFR,38
Canaan,4/19/2019,JEBL,0
Canaan,4/19/2019,JESA,0
Canaan,4/19/2019,MASA,0
Canaan,4/19/2019,NEWT,3
Canaan,4/19/2019,PEEP,0
Canaan,4/19/2019,SPSA,0
Canaan,4/19/2019,WOFR,0
Canaan,4/2/1977,JESA,2
Canaan,4/2/2019,BULL,0
Canaan,4/2/2019,GRFR,0
Canaan,4/2/2019,JEBL,0
Canaan,4/2/2019,JESA,0
Canaan,4/2/2019,MASA,0
Canaan,4/2/2019,NEWT,3
Canaan,4/2/2019,PEEP,0
Canaan,4/2/2019,SPSA,0
Canaan,4/2/2019,WOFR,1
Canaan,4/23/1997,GRFR,2
Canaan,4/23/2007,PEEP,4
Canaan,4/23/2007,SPSA,NA
Canaan,4/23/2007,WOFR,NA
Canaan,4/24/2007,SPSA,NA
Canaan,4/24/2007,WOFR,1
Canaan,4/25/2009,BULL,1
Canaan,4/25/2009,GRFR,10
Canaan,4/25/2009,JESA,NA
Canaan,4/25/2009,NEWT,13
Canaan,4/25/2009,PEEP,1
Canaan,4/25/2009,SPSA,NA
Canaan,4/25/2009,WOFR,NA
Canaan,4/7/2010,GRFR,1
Canaan,4/7/2010,JESA,NA
Canaan,4/7/2010,JESA/JEBL,NA
Canaan,4/7/2010,NEWT,13
Canaan,4/7/2010,PEEP,1
Canaan,4/7/2010,SPSA,NA
Canaan,4/7/2010,WOFR,3
Canaan,4/8/2017,BULL,0
Canaan,4/8/2017,GRFR,0
Canaan,4/8/2017,JEBL,0
Canaan,4/8/2017,JESA,0
Canaan,4/8/2017,MASA,0
Canaan,4/8/2017,NEWT,26
Canaan,4/8/2017,PEEP,3
Canaan,4/8/2017,SPSA,0
Canaan,4/8/2017,WOFR,NA
Canaan,5/1/2019,BULL,0
Canaan,5/1/2019,GRFR,0
Canaan,5/1/2019,JEBL,0
Canaan,5/1/2019,JESA,0
Canaan,5/1/2019,MASA,0
Canaan,5/1/2019,NEWT,0
Canaan,5/1/2019,PEEP,0
Canaan,5/1/2019,SPSA,0
Canaan,5/1/2019,WOFR,0
Canaan,5/6/1998,GRFR,1
Hermits,2/28/2017,BULL,0
Hermits,2/28/2017,GRFR,0
Hermits,2/28/2017,JEBL,0
Hermits,2/28/2017,JESA,0
Hermits,2/28/2017,MASA,0
Hermits,2/28/2017,NEWT,0
Hermits,2/28/2017,PEEP,0
Hermits,2/28/2017,SPSA,0
Hermits,2/28/2017,WOFR,0
Hermits,3/1/2018,BULL,0
Hermits,3/1/2018,GRFR,0
Hermits,3/1/2018,JEBL,0
Hermits,3/1/2018,JESA,0
Hermits,3/1/2018,MASA,0
Hermits,3/1/2018,NEWT,0
Hermits,3/1/2018,PEEP,0
Hermits,3/1/2018,SPSA,0
Hermits,3/1/2018,WOFR,0
Hermits,3/13/2012,WOFR,7
Hermits,3/14/2006,WOFR,7
Hermits,3/14/2018,BULL,0
Hermits,3/14/2018,GRFR,0
Hermits,3/14/2018,JEBL,0
Hermits,3/14/2018,JESA,0
Hermits,3/14/2018,MASA,0
Hermits,3/14/2018,NEWT,0
Hermits,3/14/2018,PEEP,0
Hermits,3/14/2018,SPSA,0
Hermits,3/14/2018,WOFR,0
Hermits,3/15/2002,WOFR,50
Hermits,3/15/2012,WOFR,50
Hermits,3/15/2016,BULL,0
Hermits,3/15/2016,GRFR,0
Hermits,3/15/2016,JEBL,0
Hermits,3/15/2016,JESA,0
Hermits,3/15/2016,MASA,0
Hermits,3/15/2016,NEWT,0
Hermits,3/15/2016,PEEP,0
Hermits,3/15/2016,SPSA,0
Hermits,3/15/2016,WOFR,5
Hermits,3/16/2000,WOFR,2
Hermits,3/16/2006,WOFR,1
Hermits,3/17/2009,WOFR,1
Hermits,3/20/2012,SPSA,NA
Hermits,3/20/2012,WOFR,NA
Hermits,3/22/2000,WOFR,1
Hermits,3/23/1999,WOFR,0
Hermits,3/27/2006,WOFR,150
Hermits,3/27/2008,WOFR,0
Hermits,3/28/2002,WOFR,10
Hermits,3/28/2003,WOFR,60
Hermits,3/29/2004,WOFR,25
Hermits,3/29/2008,WOFR,10
Hermits,3/30/1997,WOFR,1
Hermits,3/30/2006,WOFR,0
Hermits,3/30/2017,BULL,0
Hermits,3/30/2017,GRFR,0
Hermits,3/30/2017,JEBL,0
Hermits,3/30/2017,JESA,0
Hermits,3/30/2017,MASA,0
Hermits,3/30/2017,NEWT,0
Hermits,3/30/2017,PEEP,0
Hermits,3/30/2017,SPSA,0
Hermits,3/30/2017,WOFR,0
Hermits,3/30/2018,BULL,0
Hermits,3/30/2018,GRFR,0
Hermits,3/30/2018,JEBL,0
Hermits,3/30/2018,JESA,0
Hermits,3/30/2018,MASA,0
Hermits,3/30/2018,NEWT,1
Hermits,3/30/2018,PEEP,0
Hermits,3/30/2018,SPSA,0
Hermits,3/30/2018,WOFR,50
Hermits,3/30/2019,BULL,0
Hermits,3/30/2019,GRFR,0
Hermits,3/30/2019,JEBL,0
Hermits,3/30/2019,JESA,0
Hermits,3/30/2019,MASA,0
Hermits,3/30/2019,NEWT,0
Hermits,3/30/2019,PEEP,0
Hermits,3/30/2019,SPSA,0
Hermits,3/30/2019,WOFR,100
Hermits,3/31/1995,WOFR,NA
Hermits,4/1/2013,WOFR,40
Hermits,4/10/1992,WOFR,20
Hermits,4/10/2002,SPSA,NA
Hermits,4/10/2002,WOFR,1
Hermits,4/10/2007,SPSA,NA
Hermits,4/10/2007,WOFR,29
Hermits,4/10/2017,BULL,0
Hermits,4/10/2017,GRFR,0
Hermits,4/10/2017,JEBL,0
Hermits,4/10/2017,JESA,0
Hermits,4/10/2017,MASA,0
Hermits,4/10/2017,NEWT,0
Hermits,4/10/2017,PEEP,0
Hermits,4/10/2017,SPSA,0
Hermits,4/10/2017,WOFR,60
Hermits,4/11/1996,WOFR,1
Hermits,4/12/1995,WOFR,NA
Hermits,4/12/2011,JESA,NA
Hermits,4/12/2011,SPSA,NA
Hermits,4/12/2011,WOFR,NA
Hermits,4/12/2018,BULL,0
Hermits,4/12/2018,GRFR,0
Hermits,4/12/2018,JEBL,0
Hermits,4/12/2018,JESA,0
Hermits,4/12/2018,MASA,0
Hermits,4/12/2018,NEWT,0
Hermits,4/12/2018,PEEP,0
Hermits,4/12/2018,SPSA,0
Hermits,4/12/2018,WOFR,0
Hermits,4/13/1993,WOFR,1
Hermits,4/14/2003,SPSA,NA
Hermits,4/14/2003,WOFR,1
Hermits,4/15/1997,SPSA,NA
Hermits,4/15/1997,WOFR,NA
Hermits,4/15/2015,SPSA,NA
Hermits,4/15/2015,WOFR,2
Hermits,4/16/2001,SPSA,NA
Hermits,4/16/2001,WOFR,NA
Hermits,4/17/2014,SPSA,NA
Hermits,4/17/2014,WOFR,NA
Hermits,4/17/2018,BULL,0
Hermits,4/17/2018,GRFR,0
Hermits,4/17/2018,JEBL,0
Hermits,4/17/2018,JESA,0
Hermits,4/17/2018,MASA,0
Hermits,4/17/2018,NEWT,0
Hermits,4/17/2018,PEEP,0
Hermits,4/17/2018,SPSA,0
Hermits,4/17/2018,WOFR,0
Hermits,4/18/1996,WOFR,NA
Hermits,4/18/2019,BULL,0
Hermits,4/18/2019,GRFR,0
Hermits,4/18/2019,JEBL,0
Hermits,4/18/2019,JESA,0
Hermits,4/18/2019,MASA,0
Hermits,4/18/2019,NEWT,0
Hermits,4/18/2019,PEEP,0
Hermits,4/18/2019,SPSA,0
Hermits,4/18/2019,WOFR,0
Hermits,4/19/2007,WOFR,20
Hermits,4/19/2016,BULL,0
Hermits,4/19/2016,GRFR,0
Hermits,4/19/2016,JEBL,0
Hermits,4/19/2016,JESA,0
Hermits,4/19/2016,MASA,0
Hermits,4/19/2016,NEWT,0
Hermits,4/19/2016,PEEP,0
Hermits,4/19/2016,SPSA,0
Hermits,4/19/2016,WOFR,0
Hermits,4/2/2008,WOFR,30
Hermits,4/2/2010,JESA,NA
Hermits,4/2/2010,SPSA,NA
Hermits,4/2/2010,WOFR,9
Hermits,4/20/1994,WOFR,NA
Hermits,4/20/1998,WOFR,NA
Hermits,4/21/2005,WOFR,1
Hermits,4/22/2017,BULL,0
Hermits,4/22/2017,GRFR,0
Hermits,4/22/2017,JEBL,0
Hermits,4/22/2017,JESA,0
Hermits,4/22/2017,MASA,0
Hermits,4/22/2017,NEWT,0
Hermits,4/22/2017,PEEP,0
Hermits,4/22/2017,SPSA,0
Hermits,4/22/2017,WOFR,0
Hermits,4/23/1993,WOFR,NA
Hermits,4/25/2018,BULL,0
Hermits,4/25/2018,GRFR,0
Hermits,4/25/2018,JEBL,0
Hermits,4/25/2018,JESA,0
Hermits,4/25/2018,MASA,0
Hermits,4/25/2018,NEWT,0
Hermits,4/25/2018,PEEP,0
Hermits,4/25/2018,SPSA,0
Hermits,4/25/2018,WOFR,0
Hermits,4/25/2019,BULL,0
Hermits,4/25/2019,GRFR,1
Hermits,4/25/2019,JEBL,0
Hermits,4/25/2019,JESA,0
Hermits,4/25/2019,MASA,0
Hermits,4/25/2019,NEWT,0
Hermits,4/25/2019,PEEP,0
Hermits,4/25/2019,SPSA,0
Hermits,4/25/2019,WOFR,0
Hermits,4/3/1992,WOFR,2
Hermits,4/3/2009,SPSA,NA
Hermits,4/3/2009,WOFR,1
Hermits,4/3/2019,BULL,0
Hermits,4/3/2019,GRFR,0
Hermits,4/3/2019,JEBL,0
Hermits,4/3/2019,JESA,0
Hermits,4/3/2019,MASA,0
Hermits,4/3/2019,NEWT,0
Hermits,4/3/2019,PEEP,0
Hermits,4/3/2019,SPSA,0
Hermits,4/3/2019,WOFR,60
Hermits,4/4/1991,JESA,NA
Hermits,4/4/1991,JESA/JEBL,NA
Hermits,4/4/1991,SPSA,NA
Hermits,4/4/1991,WOFR,10
Hermits,4/5/2004,SPSA,NA
Hermits,4/5/2004,WOFR,2
Hermits,4/5/2007,WOFR,6
Hermits,4/5/2018,BULL,0
Hermits,4/5/2018,GRFR,0
Hermits,4/5/2018,JEBL,0
Hermits,4/5/2018,JESA,0
Hermits,4/5/2018,MASA,0
Hermits,4/5/2018,NEWT,0
Hermits,4/5/2018,PEEP,0
Hermits,4/5/2018,SPSA,0
Hermits,4/5/2018,WOFR,0
Hermits,4/6/2005,PEEP,1
Hermits,4/6/2005,WOFR,200
Hermits,4/6/2006,SPSA,NA
Hermits,4/6/2006,WOFR,NA
Hermits,4/8/1999,WOFR,NA
Hermits,4/8/2005,SPSA,NA
Hermits,4/8/2005,WOFR,31
Hermits,4/9/2008,SPSA,NA
Hermits,4/9/2008,WOFR,3
Hermits,4/9/2013,JESA,NA
Hermits,4/9/2013,SPSA,NA
Hermits,4/9/2013,WOFR,32
Hermits,4/9/2019,BULL,0
Hermits,4/9/2019,GRFR,0
Hermits,4/9/2019,JEBL,0
Hermits,4/9/2019,JESA,0
Hermits,4/9/2019,MASA,0
Hermits,4/9/2019,NEWT,0
Hermits,4/9/2019,PEEP,0
Hermits,4/9/2019,SPSA,0
Hermits,4/9/2019,WOFR,0
Hermits,5/12/2011,GRFR,2
Hermits,5/19/2005,WOFR,NA
Hermits,5/20/2011,WOFR,NA
Hermits,5/25/2006,WOFR,NA
Hermits,5/28/2003,WOFR,NA
Hermits,5/28/2004,PEEP,1
Hermits,5/3/2007,WOFR,NA
Hermits,5/31/2005,WOFR,NA
LongWoodlandPool,2/28/2017,BULL,0
LongWoodlandPool,2/28/2017,GRFR,0
LongWoodlandPool,2/28/2017,JEBL,0
LongWoodlandPool,2/28/2017,JESA,0
LongWoodlandPool,2/28/2017,MASA,0
LongWoodlandPool,2/28/2017,NEWT,0
LongWoodlandPool,2/28/2017,PEEP,0
LongWoodlandPool,2/28/2017,SPSA,0
LongWoodlandPool,2/28/2017,WOFR,0
LongWoodlandPool,3/15/1977,WOFR,1
LongWoodlandPool,3/15/2016,BULL,0
LongWoodlandPool,3/15/2016,GRFR,0
LongWoodlandPool,3/15/2016,JEBL,0
LongWoodlandPool,3/15/2016,JESA,0
LongWoodlandPool,3/15/2016,MASA,0
LongWoodlandPool,3/15/2016,NEWT,0
LongWoodlandPool,3/15/2016,PEEP,0
LongWoodlandPool,3/15/2016,SPSA,0
LongWoodlandPool,3/15/2016,WOFR,NA
LongWoodlandPool,3/22/2000,WOFR,4
LongWoodlandPool,3/23/1975,JESA,0
LongWoodlandPool,3/23/1979,WOFR,2
LongWoodlandPool,3/23/1990,SPSA,NA
LongWoodlandPool,3/23/2010,SPSA,NA
LongWoodlandPool,3/23/2010,WOFR,15
LongWoodlandPool,3/24/1979,JESA,0
LongWoodlandPool,3/24/1979,SPSA,7
LongWoodlandPool,3/24/1987,WOFR,1
LongWoodlandPool,3/25/1975,WOFR,2
LongWoodlandPool,3/25/1976,WOFR,2
LongWoodlandPool,3/25/1979,JESA,1
LongWoodlandPool,3/25/1979,SPSA,8
LongWoodlandPool,3/26/1991,WOFR,10
LongWoodlandPool,3/27/1987,PEEP,1
LongWoodlandPool,3/27/2012,MASA,NA
LongWoodlandPool,3/27/2012,NEWT,1
LongWoodlandPool,3/27/2012,WOFR,NA
LongWoodlandPool,3/28/1978,SPSA,NA
LongWoodlandPool,3/28/1979,JESA,0
LongWoodlandPool,3/28/1979,SPSA,1
LongWoodlandPool,3/28/1988,WOFR,3
LongWoodlandPool,3/28/2006,WOFR,22
LongWoodlandPool,3/28/2009,WOFR,2
LongWoodlandPool,3/30/1957,SPSA,0
LongWoodlandPool,3/30/1961,SPSA,0
LongWoodlandPool,3/30/2004,WOFR,5
LongWoodlandPool,3/30/2019,BULL,0
LongWoodlandPool,3/30/2019,GRFR,0
LongWoodlandPool,3/30/2019,JEBL,0
LongWoodlandPool,3/30/2019,JESA,0
LongWoodlandPool,3/30/2019,MASA,0
LongWoodlandPool,3/30/2019,NEWT,0
LongWoodlandPool,3/30/2019,PEEP,0
LongWoodlandPool,3/30/2019,SPSA,0
LongWoodlandPool,3/30/2019,WOFR,0
LongWoodlandPool,3/31/1955,SPSA,0
LongWoodlandPool,3/31/1956,PEEP,0
LongWoodlandPool,3/31/1977,JEBL,0
LongWoodlandPool,3/31/1977,JESA,0
LongWoodlandPool,3/31/1977,MASA,0
LongWoodlandPool,3/31/1977,SPSA,0
LongWoodlandPool,3/31/1985,SPSA,0
LongWoodlandPool,4/10/1954,SPSA,3
LongWoodlandPool,4/10/2006,NEWT,3
LongWoodlandPool,4/10/2006,PEEP,4
LongWoodlandPool,4/10/2006,SPSA,NA
LongWoodlandPool,4/10/2006,WOFR,NA
LongWoodlandPool,4/10/2008,PEEP,2
LongWoodlandPool,4/10/2008,SPSA,NA
LongWoodlandPool,4/10/2008,WOFR,NA
LongWoodlandPool,4/10/2013,MASA,NA
LongWoodlandPool,4/10/2013,SPSA,2
LongWoodlandPool,4/10/2013,WOFR,2
LongWoodlandPool,4/11/1996,WOFR,1
LongWoodlandPool,4/12/1978,JESA,NA
LongWoodlandPool,4/12/1995,WOFR,NA
LongWoodlandPool,4/12/2018,BULL,0
LongWoodlandPool,4/12/2018,GRFR,0
LongWoodlandPool,4/12/2018,JEBL,0
LongWoodlandPool,4/12/2018,JESA,0
LongWoodlandPool,4/12/2018,MASA,0
LongWoodlandPool,4/12/2018,NEWT,0
LongWoodlandPool,4/12/2018,PEEP,0
LongWoodlandPool,4/12/2018,SPSA,0
LongWoodlandPool,4/12/2018,WOFR,0
LongWoodlandPool,4/13/1958,JESA,0
LongWoodlandPool,4/13/1958,SPSA,0
LongWoodlandPool,4/13/1978,JESA,0
LongWoodlandPool,4/13/1978,SPSA,6
LongWoodlandPool,4/13/2015,WOFR,NA
LongWoodlandPool,4/14/1955,SPSA,18
LongWoodlandPool,4/14/1956,PEEP,2
LongWoodlandPool,4/14/1993,SPSA,NA
LongWoodlandPool,4/14/1993,WOFR,4
LongWoodlandPool,4/14/2011,JESA,NA
LongWoodlandPool,4/14/2011,NEWT,1
LongWoodlandPool,4/14/2011,SPSA,NA
LongWoodlandPool,4/14/2011,WOFR,NA
LongWoodlandPool,4/15/1955,SPSA,0
LongWoodlandPool,4/15/1997,SPSA,NA
LongWoodlandPool,4/15/1997,WOFR,NA
LongWoodlandPool,4/15/2015,PEEP,0
LongWoodlandPool,4/15/2015,SPSA,NA
LongWoodlandPool,4/15/2015,WOFR,6
LongWoodlandPool,4/16/1955,SPSA,8
LongWoodlandPool,4/16/1991,WOFR,NA
LongWoodlandPool,4/16/2001,JESA,NA
LongWoodlandPool,4/16/2001,SPSA,NA
LongWoodlandPool,4/16/2001,WOFR,1
LongWoodlandPool,4/17/1959,SPSA,0
LongWoodlandPool,4/17/1992,JEBL,0
LongWoodlandPool,4/17/1992,JESA,0
LongWoodlandPool,4/17/1992,MASA,0
LongWoodlandPool,4/17/1992,PEEP,0
LongWoodlandPool,4/17/1992,SPSA,0
LongWoodlandPool,4/17/1992,WOFR,NA
LongWoodlandPool,4/17/1996,SPSA,NA
LongWoodlandPool,4/17/1996,WOFR,NA
LongWoodlandPool,4/18/1955,SPSA,2
LongWoodlandPool,4/18/2007,SPSA,NA
LongWoodlandPool,4/18/2007,WOFR,1
LongWoodlandPool,4/19/2016,BULL,0
LongWoodlandPool,4/19/2016,GRFR,0
LongWoodlandPool,4/19/2016,JEBL,0
LongWoodlandPool,4/19/2016,JESA,0
LongWoodlandPool,4/19/2016,MASA,0
LongWoodlandPool,4/19/2016,NEWT,0
LongWoodlandPool,4/19/2016,PEEP,0
LongWoodlandPool,4/19/2016,SPSA,0
LongWoodlandPool,4/19/2016,WOFR,0
LongWoodlandPool,4/19/2019,BULL,0
LongWoodlandPool,4/19/2019,GRFR,0
LongWoodlandPool,4/19/2019,JEBL,0
LongWoodlandPool,4/19/2019,JESA,0
LongWoodlandPool,4/19/2019,MASA,0
LongWoodlandPool,4/19/2019,NEWT,0
LongWoodlandPool,4/19/2019,PEEP,1
LongWoodlandPool,4/19/2019,SPSA,0
LongWoodlandPool,4/19/2019,WOFR,0
LongWoodlandPool,4/2/1953,SPSA,NA
LongWoodlandPool,4/2/1957,JESA,0
LongWoodlandPool,4/2/1957,SPSA,1
LongWoodlandPool,4/2/1991,WOFR,NA
LongWoodlandPool,4/2/1992,WOFR,3
LongWoodlandPool,4/2/2009,NEWT,1
LongWoodlandPool,4/2/2009,SPSA,NA
LongWoodlandPool,4/2/2009,WOFR,1
LongWoodlandPool,4/20/1955,SPSA,NA
LongWoodlandPool,4/20/1989,PEEP,2
LongWoodlandPool,4/20/1994,JESA,0
LongWoodlandPool,4/20/1994,NEWT,1
LongWoodlandPool,4/20/1994,SPSA,0
LongWoodlandPool,4/20/1994,WOFR,1
LongWoodlandPool,4/20/1998,SPSA,NA
LongWoodlandPool,4/20/1998,WOFR,NA
LongWoodlandPool,4/20/2017,BULL,0
LongWoodlandPool,4/20/2017,GRFR,0
LongWoodlandPool,4/20/2017,JEBL,0
LongWoodlandPool,4/20/2017,JESA,0
LongWoodlandPool,4/20/2017,MASA,0
LongWoodlandPool,4/20/2017,NEWT,0
LongWoodlandPool,4/20/2017,PEEP,0
LongWoodlandPool,4/20/2017,SPSA,0
LongWoodlandPool,4/20/2017,WOFR,0
LongWoodlandPool,4/21/1986,PEEP,1
LongWoodlandPool,4/21/2003,SPSA,NA
LongWoodlandPool,4/21/2003,WOFR,NA
LongWoodlandPool,4/22/1958,SPSA,4
LongWoodlandPool,4/23/1993,JESA,NA
LongWoodlandPool,4/23/1993,SPSA,NA
LongWoodlandPool,4/23/1993,WOFR,NA
LongWoodlandPool,4/29/2005,SPSA,NA
LongWoodlandPool,4/29/2005,WOFR,NA
LongWoodlandPool,4/29/2019,BULL,0
LongWoodlandPool,4/29/2019,GRFR,0
LongWoodlandPool,4/29/2019,JEBL,0
LongWoodlandPool,4/29/2019,JESA,0
LongWoodlandPool,4/29/2019,MASA,0
LongWoodlandPool,4/29/2019,NEWT,0
LongWoodlandPool,4/29/2019,PEEP,0
LongWoodlandPool,4/29/2019,SPSA,0
LongWoodlandPool,4/29/2019,WOFR,0
LongWoodlandPool,4/3/1977,SPSA,1
LongWoodlandPool,4/3/1981,PEEP,0
LongWoodlandPool,4/3/1982,JESA,0
LongWoodlandPool,4/3/1982,PEEP,0
LongWoodlandPool,4/3/1982,SPSA,7
LongWoodlandPool,4/3/1992,WOFR,2
LongWoodlandPool,4/3/2019,BULL,0
LongWoodlandPool,4/3/2019,GRFR,0
LongWoodlandPool,4/3/2019,JEBL,0
LongWoodlandPool,4/3/2019,JESA,0
LongWoodlandPool,4/3/2019,MASA,0
LongWoodlandPool,4/3/2019,NEWT,0
LongWoodlandPool,4/3/2019,PEEP,0
LongWoodlandPool,4/3/2019,SPSA,0
LongWoodlandPool,4/3/2019,WOFR,100
LongWoodlandPool,4/4/1953,PEEP,2
LongWoodlandPool,4/4/1953,SPSA,1
LongWoodlandPool,4/4/1982,SPSA,NA
LongWoodlandPool,4/5/1976,JESA,NA
LongWoodlandPool,4/5/1978,JESA,0
LongWoodlandPool,4/5/1978,SPSA,5
LongWoodlandPool,4/5/1982,SPSA,NA
LongWoodlandPool,4/5/1985,SPSA,0
LongWoodlandPool,4/5/2004,WOFR,12
LongWoodlandPool,4/5/2010,SPSA,NA
LongWoodlandPool,4/5/2010,WOFR,NA
LongWoodlandPool,4/5/2017,BULL,0
LongWoodlandPool,4/5/2017,GRFR,0
LongWoodlandPool,4/5/2017,JEBL,0
LongWoodlandPool,4/5/2017,JESA,0
LongWoodlandPool,4/5/2017,MASA,0
LongWoodlandPool,4/5/2017,NEWT,0
LongWoodlandPool,4/5/2017,PEEP,0
LongWoodlandPool,4/5/2017,SPSA,0
LongWoodlandPool,4/5/2017,WOFR,6
LongWoodlandPool,4/6/1932,WOFR,1
LongWoodlandPool,4/6/2005,SPSA,NA
LongWoodlandPool,4/6/2005,WOFR,50
LongWoodlandPool,4/6/2007,SPSA,NA
LongWoodlandPool,4/6/2007,WOFR,NA
LongWoodlandPool,4/7/1978,JESA,0
LongWoodlandPool,4/7/1978,SPSA,2
LongWoodlandPool,4/8/1953,SPSA,0
LongWoodlandPool,4/8/2004,PEEP,10
LongWoodlandPool,4/8/2005,BULL,NA
LongWoodlandPool,4/8/2005,JESA,NA
LongWoodlandPool,4/8/2005,SPSA,NA
LongWoodlandPool,4/8/2005,WOFR,NA
LongWoodlandPool,4/9/1958,SPSA,2
LongWoodlandPool,4/9/1990,SPSA,NA
LongWoodlandPool,4/9/2002,SPSA,NA
LongWoodlandPool,4/9/2002,WOFR,2
LongWoodlandPool,4/9/2014,SPSA,1
LongWoodlandPool,4/9/2014,WOFR,9
LongWoodlandPool,4/9/2019,BULL,0
LongWoodlandPool,4/9/2019,GRFR,0
LongWoodlandPool,4/9/2019,JEBL,0
LongWoodlandPool,4/9/2019,JESA,0
LongWoodlandPool,4/9/2019,MASA,0
LongWoodlandPool,4/9/2019,NEWT,0
LongWoodlandPool,4/9/2019,PEEP,0
LongWoodlandPool,4/9/2019,SPSA,0
LongWoodlandPool,4/9/2019,WOFR,20
LongWoodlandPool,5/1/2018,BULL,0
LongWoodlandPool,5/1/2018,GRFR,0
LongWoodlandPool,5/1/2018,JEBL,0
LongWoodlandPool,5/1/2018,JESA,0
LongWoodlandPool,5/1/2018,MASA,0
LongWoodlandPool,5/1/2018,NEWT,0
LongWoodlandPool,5/1/2018,PEEP,0
LongWoodlandPool,5/1/2018,SPSA,0
LongWoodlandPool,5/1/2018,WOFR,0
LongWoodlandPool,5/10/1956,SPSA,0
LongWoodlandPool,5/11/1990,SPSA,NA
LongWoodlandPool,5/25/2006,WOFR,NA
LongWoodlandPool,5/26/2005,WOFR,NA
LongWoodlandPool,5/3/1956,PEEP,2
LongWoodlandPool,5/3/1956,SPSA,0
LongWoodlandSwamp,3/22/2016,BULL,0
LongWoodlandSwamp,3/22/2016,GRFR,0
LongWoodlandSwamp,3/22/2016,JEBL,0
LongWoodlandSwamp,3/22/2016,JESA,0
LongWoodlandSwamp,3/22/2016,MASA,0
LongWoodlandSwamp,3/22/2016,NEWT,0
LongWoodlandSwamp,3/22/2016,PEEP,0
LongWoodlandSwamp,3/22/2016,SPSA,0
LongWoodlandSwamp,3/22/2016,WOFR,0
LongWoodlandSwamp,3/23/2010,SPSA,NA
LongWoodlandSwamp,3/23/2010,WOFR,10
LongWoodlandSwamp,3/25/2010,WOFR,50
LongWoodlandSwamp,3/26/1991,WOFR,5
LongWoodlandSwamp,3/27/2012,SPSA,NA
LongWoodlandSwamp,3/27/2012,WOFR,NA
LongWoodlandSwamp,3/28/2009,PEEP,3
LongWoodlandSwamp,3/28/2009,SPSA,NA
LongWoodlandSwamp,3/28/2009,WOFR,3
LongWoodlandSwamp,4/10/2008,SPSA,NA
LongWoodlandSwamp,4/10/2008,WOFR,5
LongWoodlandSwamp,4/10/2013,NEWT,1
LongWoodlandSwamp,4/10/2013,PEEP,4
LongWoodlandSwamp,4/10/2013,SPSA,NA
LongWoodlandSwamp,4/10/2013,WOFR,1
LongWoodlandSwamp,4/11/1996,PEEP,1
LongWoodlandSwamp,4/11/1996,WOFR,1
LongWoodlandSwamp,4/12/1995,PEEP,1
LongWoodlandSwamp,4/12/1995,SPSA,NA
LongWoodlandSwamp,4/13/2015,PEEP,1
LongWoodlandSwamp,4/13/2015,WOFR,10
LongWoodlandSwamp,4/14/2011,JESA,NA
LongWoodlandSwamp,4/14/2011,PEEP,1
LongWoodlandSwamp,4/14/2011,SPSA,NA
LongWoodlandSwamp,4/14/2011,WOFR,NA
LongWoodlandSwamp,4/15/1997,PEEP,1
LongWoodlandSwamp,4/15/1997,SPSA,NA
LongWoodlandSwamp,4/15/1997,WOFR,NA
LongWoodlandSwamp,4/16/2001,JESA,NA
LongWoodlandSwamp,4/16/2001,PEEP,1
LongWoodlandSwamp,4/16/2001,SPSA,NA
LongWoodlandSwamp,4/16/2001,WOFR,3
LongWoodlandSwamp,4/17/1996,SPSA,NA
LongWoodlandSwamp,4/17/1996,WOFR,NA
LongWoodlandSwamp,4/18/2007,PEEP,20
LongWoodlandSwamp,4/18/2007,SPSA,NA
LongWoodlandSwamp,4/18/2007,WOFR,20
LongWoodlandSwamp,4/19/2016,BULL,0
LongWoodlandSwamp,4/19/2016,GRFR,0
LongWoodlandSwamp,4/19/2016,JEBL,0
LongWoodlandSwamp,4/19/2016,JESA,0
LongWoodlandSwamp,4/19/2016,MASA,0
LongWoodlandSwamp,4/19/2016,NEWT,0
LongWoodlandSwamp,4/19/2016,PEEP,0
LongWoodlandSwamp,4/19/2016,SPSA,0
LongWoodlandSwamp,4/19/2016,WOFR,0
LongWoodlandSwamp,4/2/2009,PEEP,4
LongWoodlandSwamp,4/2/2009,SPSA,NA
LongWoodlandSwamp,4/2/2009,WOFR,3
LongWoodlandSwamp,4/20/1994,JESA,NA
LongWoodlandSwamp,4/20/1994,SPSA,NA
LongWoodlandSwamp,4/20/1994,WOFR,NA
LongWoodlandSwamp,4/20/1998,WOFR,NA
LongWoodlandSwamp,4/20/2017,BULL,0
LongWoodlandSwamp,4/20/2017,GRFR,0
LongWoodlandSwamp,4/20/2017,JEBL,0
LongWoodlandSwamp,4/20/2017,JESA,0
LongWoodlandSwamp,4/20/2017,MASA,0
LongWoodlandSwamp,4/20/2017,NEWT,0
LongWoodlandSwamp,4/20/2017,PEEP,0
LongWoodlandSwamp,4/20/2017,SPSA,0
LongWoodlandSwamp,4/20/2017,WOFR,0
LongWoodlandSwamp,4/23/1993,JESA,NA
LongWoodlandSwamp,4/23/1993,SPSA,NA
LongWoodlandSwamp,4/23/1993,WOFR,NA
LongWoodlandSwamp,4/5/2004,PEEP,6
LongWoodlandSwamp,4/5/2004,SPSA,NA
LongWoodlandSwamp,4/5/2004,WOFR,10
LongWoodlandSwamp,4/5/2010,SPSA,NA
LongWoodlandSwamp,4/5/2010,WOFR,NA
LongWoodlandSwamp,4/5/2017,BULL,0
LongWoodlandSwamp,4/5/2017,GRFR,0
LongWoodlandSwamp,4/5/2017,JEBL,0
LongWoodlandSwamp,4/5/2017,JESA,0
LongWoodlandSwamp,4/5/2017,MASA,0
LongWoodlandSwamp,4/5/2017,NEWT,0
LongWoodlandSwamp,4/5/2017,PEEP,1
LongWoodlandSwamp,4/5/2017,SPSA,0
LongWoodlandSwamp,4/5/2017,WOFR,18
LongWoodlandSwamp,4/6/2005,PEEP,20
LongWoodlandSwamp,4/6/2005,WOFR,5
LongWoodlandSwamp,4/6/2014,WOFR,10
LongWoodlandSwamp,4/8/2005,MASA,NA
LongWoodlandSwamp,4/8/2005,PEEP,15
LongWoodlandSwamp,4/8/2005,SPSA,NA
LongWoodlandSwamp,4/8/2005,WOFR,3
LongWoodlandSwamp,4/9/2002,SPSA,NA
LongWoodlandSwamp,4/9/2002,WOFR,NA
NorthMudPond,2/20/2018,BULL,0
NorthMudPond,2/20/2018,GRFR,0
NorthMudPond,2/20/2018,JEBL,0
NorthMudPond,2/20/2018,JESA,0
NorthMudPond,2/20/2018,MASA,0
NorthMudPond,2/20/2018,NEWT,0
NorthMudPond,2/20/2018,PEEP,0
NorthMudPond,2/20/2018,SPSA,0
NorthMudPond,2/20/2018,WOFR,0
NorthMudPond,2/21/2018,BULL,0
NorthMudPond,2/21/2018,GRFR,0
NorthMudPond,2/21/2018,JEBL,0
NorthMudPond,2/21/2018,JESA,0
NorthMudPond,2/21/2018,MASA,0
NorthMudPond,2/21/2018,NEWT,0
NorthMudPond,2/21/2018,PEEP,0
NorthMudPond,2/21/2018,SPSA,0
NorthMudPond,2/21/2018,WOFR,0
NorthMudPond,2/28/2017,BULL,0
NorthMudPond,2/28/2017,GRFR,0
NorthMudPond,2/28/2017,JEBL,0
NorthMudPond,2/28/2017,JESA,0
NorthMudPond,2/28/2017,MASA,0
NorthMudPond,2/28/2017,NEWT,0
NorthMudPond,2/28/2017,PEEP,0
NorthMudPond,2/28/2017,SPSA,0
NorthMudPond,2/28/2017,WOFR,0
NorthMudPond,3/1/2018,BULL,0
NorthMudPond,3/1/2018,GRFR,0
NorthMudPond,3/1/2018,JEBL,0
NorthMudPond,3/1/2018,JESA,0
NorthMudPond,3/1/2018,MASA,0
NorthMudPond,3/1/2018,NEWT,0
NorthMudPond,3/1/2018,PEEP,0
NorthMudPond,3/1/2018,SPSA,0
NorthMudPond,3/1/2018,WOFR,0
NorthMudPond,3/10/1998,MASA,NA
NorthMudPond,3/10/1998,WOFR,11
NorthMudPond,3/13/1985,WOFR,2
NorthMudPond,3/13/1998,WOFR,9
NorthMudPond,3/13/2012,WOFR,98
NorthMudPond,3/14/1990,WOFR,250
NorthMudPond,3/14/2018,BULL,0
NorthMudPond,3/14/2018,GRFR,0
NorthMudPond,3/14/2018,JEBL,0
NorthMudPond,3/14/2018,JESA,0
NorthMudPond,3/14/2018,MASA,0
NorthMudPond,3/14/2018,NEWT,0
NorthMudPond,3/14/2018,PEEP,0
NorthMudPond,3/14/2018,SPSA,0
NorthMudPond,3/14/2018,WOFR,0
NorthMudPond,3/15/2016,BULL,0
NorthMudPond,3/15/2016,GRFR,0
NorthMudPond,3/15/2016,JEBL,0
NorthMudPond,3/15/2016,JESA,0
NorthMudPond,3/15/2016,MASA,0
NorthMudPond,3/15/2016,NEWT,0
NorthMudPond,3/15/2016,PEEP,0
NorthMudPond,3/15/2016,SPSA,0
NorthMudPond,3/15/2016,WOFR,45
NorthMudPond,3/16/2000,WOFR,14
NorthMudPond,3/17/2004,BULL,0
NorthMudPond,3/17/2004,GRFR,0
NorthMudPond,3/17/2004,JEBL,0
NorthMudPond,3/17/2004,JESA,0
NorthMudPond,3/17/2004,MASA,0
NorthMudPond,3/17/2004,PEEP,0
NorthMudPond,3/17/2004,SPSA,0
NorthMudPond,3/17/2004,WOFR,0
NorthMudPond,3/17/2009,WOFR,1
NorthMudPond,3/18/2011,WOFR,5
NorthMudPond,3/19/2010,PEEP,1
NorthMudPond,3/19/2010,WOFR,1
NorthMudPond,3/19/2018,BULL,0
NorthMudPond,3/19/2018,GRFR,0
NorthMudPond,3/19/2018,JEBL,0
NorthMudPond,3/19/2018,JESA,0
NorthMudPond,3/19/2018,MASA,0
NorthMudPond,3/19/2018,NEWT,0
NorthMudPond,3/19/2018,PEEP,0
NorthMudPond,3/19/2018,SPSA,0
NorthMudPond,3/19/2018,WOFR,0
NorthMudPond,3/22/2000,WOFR,NA
NorthMudPond,3/23/1999,WOFR,8
NorthMudPond,3/25/2004,WOFR,0
NorthMudPond,3/26/2018,BULL,0
NorthMudPond,3/26/2018,GRFR,0
NorthMudPond,3/26/2018,JEBL,0
NorthMudPond,3/26/2018,JESA,0
NorthMudPond,3/26/2018,MASA,0
NorthMudPond,3/26/2018,NEWT,0
NorthMudPond,3/26/2018,PEEP,0
NorthMudPond,3/26/2018,SPSA,0
NorthMudPond,3/26/2018,WOFR,1
NorthMudPond,3/27/1991,WOFR,50
NorthMudPond,3/27/1998,WOFR,115
NorthMudPond,3/27/1999,WOFR,286
NorthMudPond,3/27/2006,WOFR,139
NorthMudPond,3/27/2007,WOFR,0
NorthMudPond,3/27/2008,PEEP,1
NorthMudPond,3/27/2008,WOFR,0
NorthMudPond,3/27/2010,SPSA,NA
NorthMudPond,3/27/2010,WOFR,3
NorthMudPond,3/28/1996,WOFR,1
NorthMudPond,3/28/2002,WOFR,37
NorthMudPond,3/28/2003,PEEP,1
NorthMudPond,3/28/2003,WOFR,143
NorthMudPond,3/29/1991,WOFR,30
NorthMudPond,3/29/2004,WOFR,60
NorthMudPond,3/29/2008,SPSA,NA
NorthMudPond,3/29/2008,WOFR,50
NorthMudPond,3/30/1997,WOFR,150
NorthMudPond,3/30/2006,WOFR,0
NorthMudPond,3/30/2007,WOFR,1
NorthMudPond,3/30/2017,BULL,0
NorthMudPond,3/30/2017,GRFR,0
NorthMudPond,3/30/2017,JEBL,0
NorthMudPond,3/30/2017,JESA,0
NorthMudPond,3/30/2017,MASA,0
NorthMudPond,3/30/2017,NEWT,0
NorthMudPond,3/30/2017,PEEP,0
NorthMudPond,3/30/2017,SPSA,0
NorthMudPond,3/30/2017,WOFR,3
NorthMudPond,3/30/2018,JEBL,0
NorthMudPond,3/30/2018,JESA,0
NorthMudPond,3/30/2018,NEWT,0
NorthMudPond,3/30/2018,PEEP,0
NorthMudPond,3/30/2018,SPSA,0
NorthMudPond,3/30/2019,BULL,0
NorthMudPond,3/30/2019,GRFR,0
NorthMudPond,3/30/2019,JEBL,0
NorthMudPond,3/30/2019,JESA,0
NorthMudPond,3/30/2019,MASA,0
NorthMudPond,3/30/2019,NEWT,0
NorthMudPond,3/30/2019,PEEP,0
NorthMudPond,3/30/2019,SPSA,0
NorthMudPond,3/30/2019,WOFR,300
NorthMudPond,3/31/1995,WOFR,NA
NorthMudPond,3/31/1998,WOFR,9
NorthMudPond,3/31/2009,NEWT,1
NorthMudPond,3/31/2009,SPSA,NA
NorthMudPond,3/31/2009,WOFR,10
NorthMudPond,3/31/2018,GRFR,0
NorthMudPond,3/7/2000,WOFR,2
NorthMudPond,3/8/2017,BULL,0
NorthMudPond,3/8/2017,GRFR,0
NorthMudPond,3/8/2017,JEBL,0
NorthMudPond,3/8/2017,JESA,0
NorthMudPond,3/8/2017,MASA,0
NorthMudPond,3/8/2017,NEWT,0
NorthMudPond,3/8/2017,PEEP,0
NorthMudPond,3/8/2017,SPSA,0
NorthMudPond,3/8/2017,WOFR,15
NorthMudPond,4/1/2013,SPSA,0
NorthMudPond,4/1/2013,WOFR,165
NorthMudPond,4/1/2018,BULL,0
NorthMudPond,4/10/1981,SPSA,NA
NorthMudPond,4/10/1981,WOFR,NA
NorthMudPond,4/10/1987,SPSA,NA
NorthMudPond,4/10/1992,WOFR,1
NorthMudPond,4/10/2002,SPSA,NA
NorthMudPond,4/10/2002,WOFR,2
NorthMudPond,4/10/2006,SPSA,NA
NorthMudPond,4/10/2006,WOFR,NA
NorthMudPond,4/10/2007,WOFR,127
NorthMudPond,4/10/2009,PEEP,1
NorthMudPond,4/10/2009,SPSA,NA
NorthMudPond,4/10/2009,WOFR,NA
NorthMudPond,4/10/2017,BULL,0
NorthMudPond,4/10/2017,GRFR,0
NorthMudPond,4/10/2017,JEBL,0
NorthMudPond,4/10/2017,JESA,0
NorthMudPond,4/10/2017,MASA,0
NorthMudPond,4/10/2017,NEWT,0
NorthMudPond,4/10/2017,PEEP,0
NorthMudPond,4/10/2017,SPSA,0
NorthMudPond,4/10/2017,WOFR,10
NorthMudPond,4/11/1996,SPSA,NA
NorthMudPond,4/11/1996,WOFR,42
NorthMudPond,4/11/2001,WOFR,14
NorthMudPond,4/11/2012,WOFR,NA
NorthMudPond,4/11/2015,WOFR,0
NorthMudPond,4/11/2016,BULL,0
NorthMudPond,4/11/2016,GRFR,0
NorthMudPond,4/11/2016,JEBL,0
NorthMudPond,4/11/2016,JESA,0
NorthMudPond,4/11/2016,MASA,0
NorthMudPond,4/11/2016,NEWT,0
NorthMudPond,4/11/2016,PEEP,0
NorthMudPond,4/11/2016,SPSA,0
NorthMudPond,4/11/2016,WOFR,0
NorthMudPond,4/12/1995,SPSA,NA
NorthMudPond,4/12/1995,WOFR,2
NorthMudPond,4/12/2018,BULL,0
NorthMudPond,4/12/2018,GRFR,0
NorthMudPond,4/12/2018,JEBL,0
NorthMudPond,4/12/2018,JESA,0
NorthMudPond,4/12/2018,MASA,0
NorthMudPond,4/12/2018,NEWT,0
NorthMudPond,4/12/2018,PEEP,0
NorthMudPond,4/12/2018,SPSA,0
NorthMudPond,4/12/2018,WOFR,0
NorthMudPond,4/13/1993,SPSA,NA
NorthMudPond,4/13/1993,WOFR,25
NorthMudPond,4/14/2003,SPSA,NA
NorthMudPond,4/14/2003,WOFR,2
NorthMudPond,4/14/2006,PEEP,2
NorthMudPond,4/14/2006,SPSA,NA
NorthMudPond,4/14/2006,WOFR,NA
NorthMudPond,4/15/1997,SPSA,NA
NorthMudPond,4/15/1997,WOFR,NA
NorthMudPond,4/15/2000,SPSA,NA
NorthMudPond,4/15/2000,WOFR,NA
NorthMudPond,4/15/2001,SPSA,NA
NorthMudPond,4/15/2001,WOFR,9
NorthMudPond,4/15/2011,JESA,NA
NorthMudPond,4/15/2011,SPSA,NA
NorthMudPond,4/15/2011,WOFR,1
NorthMudPond,4/15/2015,SPSA,NA
NorthMudPond,4/15/2015,WOFR,9
NorthMudPond,4/16/1985,SPSA,NA
NorthMudPond,4/16/1991,PEEP,2
NorthMudPond,4/16/1991,SPSA,NA
NorthMudPond,4/16/1991,WOFR,NA
NorthMudPond,4/17/2014,JESA/JEBL,NA
NorthMudPond,4/17/2014,SPSA,NA
NorthMudPond,4/17/2014,WOFR,NA
NorthMudPond,4/17/2018,BULL,0
NorthMudPond,4/17/2018,GRFR,0
NorthMudPond,4/17/2018,JEBL,0
NorthMudPond,4/17/2018,JESA,0
NorthMudPond,4/17/2018,MASA,0
NorthMudPond,4/17/2018,NEWT,0
NorthMudPond,4/17/2018,PEEP,0
NorthMudPond,4/17/2018,SPSA,0
NorthMudPond,4/17/2018,WOFR,0
NorthMudPond,4/18/2019,BULL,0
NorthMudPond,4/18/2019,GRFR,0
NorthMudPond,4/18/2019,JEBL,0
NorthMudPond,4/18/2019,JESA,0
NorthMudPond,4/18/2019,MASA,0
NorthMudPond,4/18/2019,NEWT,0
NorthMudPond,4/18/2019,PEEP,0
NorthMudPond,4/18/2019,SPSA,0
NorthMudPond,4/18/2019,WOFR,0
NorthMudPond,4/19/1985,PEEP,1
NorthMudPond,4/19/1985,SPSA,NA
NorthMudPond,4/19/1996,PEEP,1
NorthMudPond,4/19/1996,SPSA,NA
NorthMudPond,4/19/1996,WOFR,NA
NorthMudPond,4/19/2007,WOFR,30
NorthMudPond,4/19/2016,BULL,0
NorthMudPond,4/19/2016,GRFR,0
NorthMudPond,4/19/2016,JEBL,0
NorthMudPond,4/19/2016,JESA,0
NorthMudPond,4/19/2016,MASA,0
NorthMudPond,4/19/2016,NEWT,0
NorthMudPond,4/19/2016,PEEP,3
NorthMudPond,4/19/2016,SPSA,0
NorthMudPond,4/19/2016,WOFR,1
NorthMudPond,4/2/1999,WOFR,50
NorthMudPond,4/2/2008,PEEP,3
NorthMudPond,4/2/2008,SPSA,NA
NorthMudPond,4/2/2008,WOFR,256
NorthMudPond,4/2/2010,JESA,NA
NorthMudPond,4/2/2010,NEWT,1
NorthMudPond,4/2/2010,SPSA,NA
NorthMudPond,4/2/2010,WOFR,12
NorthMudPond,4/2/2018,MASA,0
NorthMudPond,4/20/1994,SPSA,NA
NorthMudPond,4/20/1994,WOFR,3
NorthMudPond,4/20/1998,SPSA,NA
NorthMudPond,4/20/1998,WOFR,NA
NorthMudPond,4/20/1999,SPSA,NA
NorthMudPond,4/20/1999,WOFR,NA
NorthMudPond,4/20/2001,SPSA,NA
NorthMudPond,4/20/2001,WOFR,2
NorthMudPond,4/21/1986,PEEP,2
NorthMudPond,4/21/2005,WOFR,NA
NorthMudPond,4/21/2008,JESA/JEBL,NA
NorthMudPond,4/21/2017,BULL,0
NorthMudPond,4/21/2017,GRFR,0
NorthMudPond,4/21/2017,JEBL,0
NorthMudPond,4/21/2017,JESA,0
NorthMudPond,4/21/2017,MASA,0
NorthMudPond,4/21/2017,NEWT,0
NorthMudPond,4/21/2017,PEEP,0
NorthMudPond,4/21/2017,SPSA,0
NorthMudPond,4/21/2017,WOFR,NA
NorthMudPond,4/22/1981,SPSA,NA
NorthMudPond,4/23/1993,SPSA,NA
NorthMudPond,4/23/1993,WOFR,NA
NorthMudPond,4/23/2014,PEEP,1
NorthMudPond,4/23/2014,WOFR,NA
NorthMudPond,4/24/2002,WOFR,3
NorthMudPond,4/24/2009,PEEP,1
NorthMudPond,4/24/2009,WOFR,NA
NorthMudPond,4/25/1986,SPSA,NA
NorthMudPond,4/25/2013,WOFR,NA
NorthMudPond,4/25/2018,BULL,0
NorthMudPond,4/25/2018,GRFR,0
NorthMudPond,4/25/2018,JEBL,0
NorthMudPond,4/25/2018,JESA,0
NorthMudPond,4/25/2018,MASA,0
NorthMudPond,4/25/2018,NEWT,0
NorthMudPond,4/25/2018,PEEP,0
NorthMudPond,4/25/2018,SPSA,0
NorthMudPond,4/25/2018,WOFR,0
NorthMudPond,4/25/2019,BULL,0
NorthMudPond,4/25/2019,GRFR,1
NorthMudPond,4/25/2019,JEBL,0
NorthMudPond,4/25/2019,JESA,0
NorthMudPond,4/25/2019,MASA,0
NorthMudPond,4/25/2019,NEWT,0
NorthMudPond,4/25/2019,PEEP,0
NorthMudPond,4/25/2019,SPSA,0
NorthMudPond,4/25/2019,WOFR,0
NorthMudPond,4/27/2001,SPSA,NA
NorthMudPond,4/27/2001,WOFR,5
NorthMudPond,4/27/2004,WOFR,NA
NorthMudPond,4/28/2006,WOFR,NA
NorthMudPond,4/29/1986,SPSA,NA
NorthMudPond,4/29/1992,SPSA,NA
NorthMudPond,4/29/1992,WOFR,NA
NorthMudPond,4/3/1968,JESA,0
NorthMudPond,4/3/1968,SPSA,0
NorthMudPond,4/3/1992,JEBL,0
NorthMudPond,4/3/1992,JESA,0
NorthMudPond,4/3/1992,MASA,0
NorthMudPond,4/3/1992,SPSA,0
NorthMudPond,4/3/1992,WOFR,1
NorthMudPond,4/3/2018,WOFR,70
NorthMudPond,4/3/2019,BULL,0
NorthMudPond,4/3/2019,GRFR,0
NorthMudPond,4/3/2019,JEBL,0
NorthMudPond,4/3/2019,JESA,0
NorthMudPond,4/3/2019,MASA,0
NorthMudPond,4/3/2019,NEWT,0
NorthMudPond,4/3/2019,PEEP,0
NorthMudPond,4/3/2019,SPSA,0
NorthMudPond,4/3/2019,WOFR,200
NorthMudPond,4/4/1986,SPSA,NA
NorthMudPond,4/4/1991,JESA,NA
NorthMudPond,4/4/1991,JESA/JEBL,NA
NorthMudPond,4/4/1991,SPSA,NA
NorthMudPond,4/4/1991,WOFR,NA
NorthMudPond,4/5/1985,SPSA,NA
NorthMudPond,4/5/2004,SPSA,0
NorthMudPond,4/5/2004,WOFR,3
NorthMudPond,4/5/2007,WOFR,10
NorthMudPond,4/5/2018,BULL,0
NorthMudPond,4/5/2018,GRFR,0
NorthMudPond,4/5/2018,JEBL,0
NorthMudPond,4/5/2018,JESA,0
NorthMudPond,4/5/2018,MASA,0
NorthMudPond,4/5/2018,NEWT,0
NorthMudPond,4/5/2018,PEEP,0
NorthMudPond,4/5/2018,SPSA,0
NorthMudPond,4/5/2018,WOFR,65
NorthMudPond,4/6/1990,SPSA,NA
NorthMudPond,4/6/2005,PEEP,1
NorthMudPond,4/6/2005,WOFR,530
NorthMudPond,4/6/2006,WOFR,NA
NorthMudPond,4/6/2011,SPSA,NA
NorthMudPond,4/6/2011,WOFR,2
NorthMudPond,4/7/1994,JESA,0
NorthMudPond,4/7/1994,SPSA,0
NorthMudPond,4/7/1994,WOFR,80
NorthMudPond,4/7/1997,WOFR,1
NorthMudPond,4/7/1999,WOFR,5
NorthMudPond,4/7/2000,SPSA,NA
NorthMudPond,4/8/2004,SPSA,NA
NorthMudPond,4/8/2004,WOFR,6
NorthMudPond,4/8/2005,SPSA,NA
NorthMudPond,4/8/2005,WOFR,21
NorthMudPond,4/8/2008,PEEP,1
NorthMudPond,4/8/2008,SPSA,NA
NorthMudPond,4/8/2008,WOFR,52
NorthMudPond,4/9/2004,WOFR,30
NorthMudPond,4/9/2013,JESA,NA
NorthMudPond,4/9/2013,PEEP,2
NorthMudPond,4/9/2013,WOFR,80
NorthMudPond,4/9/2019,BULL,0
NorthMudPond,4/9/2019,GRFR,0
NorthMudPond,4/9/2019,JEBL,0
NorthMudPond,4/9/2019,JESA,0
NorthMudPond,4/9/2019,MASA,0
NorthMudPond,4/9/2019,NEWT,0
NorthMudPond,4/9/2019,PEEP,0
NorthMudPond,4/9/2019,SPSA,0
NorthMudPond,4/9/2019,WOFR,2
NorthMudPond,5/1/2003,PEEP,1
NorthMudPond,5/1/2003,WOFR,NA
NorthMudPond,5/11/1990,SPSA,NA
NorthMudPond,5/11/2006,WOFR,NA
NorthMudPond,5/12/2011,WOFR,NA
NorthMudPond,5/13/1999,WOFR,NA
NorthMudPond,5/13/2010,SPSA,NA
NorthMudPond,5/13/2010,WOFR,NA
NorthMudPond,5/15/2003,SPSA,NA
NorthMudPond,5/15/2003,WOFR,NA
NorthMudPond,5/17/2001,SPSA,NA
NorthMudPond,5/17/2001,WOFR,NA
NorthMudPond,5/17/2007,WOFR,NA
NorthMudPond,5/19/2005,WOFR,NA
NorthMudPond,5/2/1986,SPSA,NA
NorthMudPond,5/20/1999,SPSA,NA
NorthMudPond,5/20/1999,WOFR,1
NorthMudPond,5/21/2009,WOFR,NA
NorthMudPond,5/22/2007,SPSA,NA
NorthMudPond,5/22/2007,WOFR,3
NorthMudPond,5/23/2014,SPSA,NA
NorthMudPond,5/23/2014,WOFR,NA
NorthMudPond,5/24/2001,SPSA,NA
NorthMudPond,5/24/2002,WOFR,2
NorthMudPond,5/25/2006,WOFR,NA
NorthMudPond,5/26/2011,SPSA,NA
NorthMudPond,5/26/2011,WOFR,NA
NorthMudPond,5/28/2003,WOFR,NA
NorthMudPond,5/28/2010,GRFR,2
NorthMudPond,5/28/2010,NEWT,1
NorthMudPond,5/28/2010,SPSA,NA
NorthMudPond,5/28/2010,WOFR,NA
NorthMudPond,5/3/2001,SPSA,NA
NorthMudPond,5/3/2001,WOFR,2
NorthMudPond,5/3/2007,SPSA,NA
NorthMudPond,5/3/2007,WOFR,NA
NorthMudPond,5/31/2007,GRFR,1
NorthMudPond,5/31/2007,SPSA,NA
NorthMudPond,5/31/2007,WOFR,NA
NorthMudPond,5/5/2000,SPSA,NA
NorthMudPond,5/5/2000,WOFR,NA
NorthMudPond,5/7/1999,WOFR,NA
NorthMudPond,5/7/2015,SPSA,NA
NorthMudPond,5/7/2015,WOFR,NA
NorthMudPond,5/8/2009,SPSA,NA
NorthMudPond,5/8/2009,WOFR,NA
NorthMudPond,5/9/1986,SPSA,NA
Oakwood,3/13/2012,MASA,NA
Oakwood,3/13/2012,NEWT,11
Oakwood,3/13/2012,PEEP,1
Oakwood,3/13/2012,SPSA,NA
Oakwood,3/13/2012,WOFR,0
Oakwood,3/18/2016,BULL,0
Oakwood,3/18/2016,GRFR,0
Oakwood,3/18/2016,JEBL,0
Oakwood,3/18/2016,JESA,0
Oakwood,3/18/2016,MASA,0
Oakwood,3/18/2016,NEWT,3
Oakwood,3/18/2016,PEEP,4
Oakwood,3/18/2016,SPSA,0
Oakwood,3/18/2016,WOFR,2
Oakwood,3/22/1938,PEEP,1
Oakwood,3/28/2006,NEWT,13
Oakwood,3/28/2006,PEEP,15
Oakwood,3/28/2006,SPSA,NA
Oakwood,3/28/2006,WOFR,10
Oakwood,4/10/2002,NEWT,24
Oakwood,4/10/2002,PEEP,3
Oakwood,4/10/2002,SPSA,4
Oakwood,4/10/2002,WOFR,NA
Oakwood,4/10/2007,NEWT,8
Oakwood,4/10/2007,PEEP,4
Oakwood,4/10/2007,SPSA,NA
Oakwood,4/10/2008,NEWT,53
Oakwood,4/10/2008,PEEP,3
Oakwood,4/10/2008,SPSA,NA
Oakwood,4/10/2008,WOFR,NA
Oakwood,4/10/2019,BULL,0
Oakwood,4/10/2019,GRFR,0
Oakwood,4/10/2019,JEBL,0
Oakwood,4/10/2019,JESA,0
Oakwood,4/10/2019,MASA,0
Oakwood,4/10/2019,NEWT,5
Oakwood,4/10/2019,PEEP,1
Oakwood,4/10/2019,SPSA,4
Oakwood,4/10/2019,WOFR,0
Oakwood,4/11/2006,NEWT,20
Oakwood,4/11/2006,PEEP,3
Oakwood,4/11/2006,SPSA,NA
Oakwood,4/11/2006,WOFR,NA
Oakwood,4/12/1995,PEEP,2
Oakwood,4/12/1995,SPSA,5
Oakwood,4/12/1996,PEEP,2
Oakwood,4/12/1996,SPSA,7
Oakwood,4/12/2011,GRFR,1
Oakwood,4/12/2011,NEWT,4
Oakwood,4/12/2011,PEEP,2
Oakwood,4/12/2011,SPSA,2
Oakwood,4/12/2011,WOFR,1
Oakwood,4/12/2018,BULL,0
Oakwood,4/12/2018,GRFR,0
Oakwood,4/12/2018,JEBL,0
Oakwood,4/12/2018,JESA,0
Oakwood,4/12/2018,MASA,0
Oakwood,4/12/2018,NEWT,5
Oakwood,4/12/2018,PEEP,6
Oakwood,4/12/2018,SPSA,0
Oakwood,4/12/2018,WOFR,0
Oakwood,4/14/1993,NEWT,NA
Oakwood,4/14/1993,PEEP,1
Oakwood,4/14/1993,SPSA,NA
Oakwood,4/14/1993,WOFR,NA
Oakwood,4/15/2004,NEWT,2
Oakwood,4/15/2004,PEEP,20
Oakwood,4/15/2004,SPSA,NA
Oakwood,4/15/2004,WOFR,NA
Oakwood,4/15/2005,NEWT,9
Oakwood,4/15/2005,PEEP,2
Oakwood,4/15/2005,SPSA,1
Oakwood,4/15/2005,WOFR,NA
Oakwood,4/16/1997,JESA,NA
Oakwood,4/16/1997,NEWT,11
Oakwood,4/16/1997,PEEP,2
Oakwood,4/16/1997,SPSA,NA
Oakwood,4/16/1997,WOFR,NA
Oakwood,4/17/2001,JESA,NA
Oakwood,4/17/2001,NEWT,6
Oakwood,4/17/2001,PEEP,1
Oakwood,4/17/2001,SPSA,2
Oakwood,4/17/2001,WOFR,NA
Oakwood,4/18/2005,SPSA,1
Oakwood,4/18/2007,NEWT,8
Oakwood,4/18/2007,PEEP,50
Oakwood,4/18/2007,SPSA,NA
Oakwood,4/18/2007,WOFR,NA
Oakwood,4/19/1996,JESA,NA
Oakwood,4/19/1996,NEWT,1
Oakwood,4/19/1996,PEEP,1
Oakwood,4/19/1996,SPSA,NA
Oakwood,4/19/1996,WOFR,NA
Oakwood,4/2/2009,NEWT,23
Oakwood,4/2/2009,PEEP,4
Oakwood,4/2/2009,SPSA,NA
Oakwood,4/2/2009,WOFR,6
Oakwood,4/2/2010,JESA,NA
Oakwood,4/2/2010,NEWT,2
Oakwood,4/2/2010,PEEP,12
Oakwood,4/2/2010,SPSA,1
Oakwood,4/2/2010,WOFR,NA
Oakwood,4/2/2015,NEWT,3
Oakwood,4/2/2015,PEEP,1
Oakwood,4/20/1994,BULL,NA
Oakwood,4/20/1994,JESA,NA
Oakwood,4/20/1994,NEWT,15
Oakwood,4/20/1994,PEEP,1
Oakwood,4/20/1994,SPSA,NA
Oakwood,4/20/1994,WOFR,NA
Oakwood,4/20/2017,BULL,0
Oakwood,4/20/2017,GRFR,0
Oakwood,4/20/2017,JEBL,0
Oakwood,4/20/2017,JESA,0
Oakwood,4/20/2017,MASA,0
Oakwood,4/20/2017,NEWT,15
Oakwood,4/20/2017,PEEP,2
Oakwood,4/20/2017,SPSA,0
Oakwood,4/20/2017,WOFR,0
Oakwood,4/21/1931,PEEP,3
Oakwood,4/21/1998,NEWT,20
Oakwood,4/21/1998,PEEP,2
Oakwood,4/21/1998,SPSA,NA
Oakwood,4/23/1993,SPSA,NA
Oakwood,4/25/2018,BULL,0
Oakwood,4/25/2018,GRFR,0
Oakwood,4/25/2018,JEBL,0
Oakwood,4/25/2018,JESA,0
Oakwood,4/25/2018,MASA,0
Oakwood,4/25/2018,NEWT,3
Oakwood,4/25/2018,PEEP,0
Oakwood,4/25/2018,SPSA,0
Oakwood,4/25/2018,WOFR,0
Oakwood,4/3/2007,PEEP,1
Oakwood,4/3/2007,WOFR,1
Oakwood,4/3/2019,BULL,0
Oakwood,4/3/2019,GRFR,0
Oakwood,4/3/2019,JEBL,0
Oakwood,4/3/2019,JESA,0
Oakwood,4/3/2019,MASA,0
Oakwood,4/3/2019,NEWT,1
Oakwood,4/3/2019,PEEP,0
Oakwood,4/3/2019,SPSA,0
Oakwood,4/3/2019,WOFR,50
Oakwood,4/5/2018,BULL,0
Oakwood,4/5/2018,GRFR,0
Oakwood,4/5/2018,JEBL,0
Oakwood,4/5/2018,JESA,0
Oakwood,4/5/2018,MASA,0
Oakwood,4/5/2018,NEWT,13
Oakwood,4/5/2018,PEEP,0
Oakwood,4/5/2018,SPSA,0
Oakwood,4/5/2018,WOFR,0
Oakwood,4/9/2013,NEWT,7
Oakwood,4/9/2013,PEEP,5
Oakwood,4/9/2013,SPSA,NA
Oakwood,4/9/2013,WOFR,16
Oakwood,4/9/2014,NEWT,3
Oakwood,4/9/2014,PEEP,1
Oakwood,4/9/2014,SPSA,NA
Oakwood,4/9/2014,WOFR,10
Oakwood,5/18/1992,NEWT,NA
Oakwood,5/25/2012,NEWT,NA
Oakwood,5/28/2002,NEWT,NA
Oakwood,5/28/2002,PEEP,1
Oakwood,5/28/2009,NEWT,NA
SkiLoop,2/27/2018,BULL,0
SkiLoop,2/27/2018,GRFR,0
SkiLoop,2/27/2018,JEBL,0
SkiLoop,2/27/2018,JESA,0
SkiLoop,2/27/2018,MASA,0
SkiLoop,2/27/2018,NEWT,0
SkiLoop,2/27/2018,PEEP,0
SkiLoop,2/27/2018,SPSA,0
SkiLoop,2/27/2018,WOFR,0
SkiLoop,3/17/2011,WOFR,50
SkiLoop,3/20/2011,WOFR,200
SkiLoop,3/21/2010,WOFR,10
SkiLoop,3/28/2018,BULL,0
SkiLoop,3/28/2018,GRFR,0
SkiLoop,3/28/2018,JEBL,0
SkiLoop,3/28/2018,JESA,0
SkiLoop,3/28/2018,MASA,0
SkiLoop,3/28/2018,NEWT,2
SkiLoop,3/28/2018,PEEP,0
SkiLoop,3/28/2018,SPSA,0
SkiLoop,3/28/2018,WOFR,0
SkiLoop,3/29/2019,BULL,0
SkiLoop,3/29/2019,GRFR,0
SkiLoop,3/29/2019,JEBL,0
SkiLoop,3/29/2019,JESA,0
SkiLoop,3/29/2019,MASA,0
SkiLoop,3/29/2019,NEWT,0
SkiLoop,3/29/2019,PEEP,0
SkiLoop,3/29/2019,SPSA,0
SkiLoop,3/29/2019,WOFR,0
SkiLoop,3/30/2018,BULL,0
SkiLoop,3/30/2018,GRFR,0
SkiLoop,3/30/2018,JEBL,0
SkiLoop,3/30/2018,JESA,0
SkiLoop,3/30/2018,MASA,0
SkiLoop,3/30/2018,NEWT,4
SkiLoop,3/30/2018,PEEP,1
SkiLoop,3/30/2018,SPSA,6
SkiLoop,3/30/2018,WOFR,50
SkiLoop,3/30/2019,BULL,0
SkiLoop,3/30/2019,GRFR,0
SkiLoop,3/30/2019,JEBL,0
SkiLoop,3/30/2019,JESA,0
SkiLoop,3/30/2019,MASA,0
SkiLoop,3/30/2019,NEWT,0
SkiLoop,3/30/2019,PEEP,0
SkiLoop,3/30/2019,SPSA,0
SkiLoop,3/30/2019,WOFR,10
SkiLoop,4/16/2019,BULL,0
SkiLoop,4/16/2019,GRFR,0
SkiLoop,4/16/2019,JEBL,0
SkiLoop,4/16/2019,JESA,0
SkiLoop,4/16/2019,MASA,0
SkiLoop,4/16/2019,NEWT,4
SkiLoop,4/16/2019,PEEP,0
SkiLoop,4/16/2019,SPSA,0
SkiLoop,4/16/2019,WOFR,2
SkiLoop,4/17/2018,BULL,0
SkiLoop,4/17/2018,GRFR,0
SkiLoop,4/17/2018,JEBL,0
SkiLoop,4/17/2018,JESA,0
SkiLoop,4/17/2018,MASA,0
SkiLoop,4/17/2018,NEWT,1
SkiLoop,4/17/2018,PEEP,0
SkiLoop,4/17/2018,SPSA,0
SkiLoop,4/17/2018,WOFR,0
SkiLoop,4/19/2009,SPSA,4
SkiLoop,4/2/2019,BULL,0
SkiLoop,4/2/2019,GRFR,0
SkiLoop,4/2/2019,JEBL,0
SkiLoop,4/2/2019,JESA,0
SkiLoop,4/2/2019,MASA,0
SkiLoop,4/2/2019,NEWT,0
SkiLoop,4/2/2019,PEEP,0
SkiLoop,4/2/2019,SPSA,0
SkiLoop,4/2/2019,WOFR,0
SkiLoop,4/23/2019,BULL,0
SkiLoop,4/23/2019,GRFR,2
SkiLoop,4/23/2019,JEBL,0
SkiLoop,4/23/2019,JESA,0
SkiLoop,4/23/2019,MASA,0
SkiLoop,4/23/2019,NEWT,3
SkiLoop,4/23/2019,PEEP,0
SkiLoop,4/23/2019,SPSA,0
SkiLoop,4/23/2019,WOFR,0
SkiLoop,4/24/2018,BULL,0
SkiLoop,4/24/2018,GRFR,0
SkiLoop,4/24/2018,JEBL,0
SkiLoop,4/24/2018,JESA,0
SkiLoop,4/24/2018,MASA,0
SkiLoop,4/24/2018,NEWT,0
SkiLoop,4/24/2018,PEEP,0
SkiLoop,4/24/2018,SPSA,0
SkiLoop,4/24/2018,WOFR,0
SkiLoop,4/5/2010,JESA,NA
SkiLoop,4/5/2010,JESA/JEBL,NA
SkiLoop,4/5/2010,NEWT,4
SkiLoop,4/5/2010,SPSA,3
SkiLoop,4/5/2010,WOFR,4
SkiLoop,4/8/2019,BULL,0
SkiLoop,4/8/2019,GRFR,0
SkiLoop,4/8/2019,JEBL,0
SkiLoop,4/8/2019,JESA,0
SkiLoop,4/8/2019,MASA,0
SkiLoop,4/8/2019,NEWT,2
SkiLoop,4/8/2019,PEEP,0
SkiLoop,4/8/2019,SPSA,0
SkiLoop,4/8/2019,WOFR,11
SleepyHollow,3/22/2016,BULL,0
SleepyHollow,3/22/2016,GRFR,0
SleepyHollow,3/22/2016,JEBL,0
SleepyHollow,3/22/2016,JESA,0
SleepyHollow,3/22/2016,MASA,0
SleepyHollow,3/22/2016,NEWT,0
SleepyHollow,3/22/2016,PEEP,0
SleepyHollow,3/22/2016,SPSA,0
SleepyHollow,3/22/2016,WOFR,0
SleepyHollow,3/28/2002,WOFR,10
SleepyHollow,3/30/2019,BULL,0
SleepyHollow,3/30/2019,GRFR,0
SleepyHollow,3/30/2019,JEBL,0
SleepyHollow,3/30/2019,JESA,0
SleepyHollow,3/30/2019,MASA,20
SleepyHollow,3/30/2019,NEWT,0
SleepyHollow,3/30/2019,PEEP,0
SleepyHollow,3/30/2019,SPSA,0
SleepyHollow,3/30/2019,WOFR,10
SleepyHollow,4/1/2009,SPSA,NA
SleepyHollow,4/1/2009,WOFR,NA
SleepyHollow,4/10/1991,PEEP,2
SleepyHollow,4/10/1991,SPSA,NA
SleepyHollow,4/10/1991,WOFR,NA
SleepyHollow,4/10/2002,SPSA,NA
SleepyHollow,4/10/2002,WOFR,4
SleepyHollow,4/10/2006,SPSA,NA
SleepyHollow,4/10/2006,WOFR,2
SleepyHollow,4/10/2013,PEEP,3
SleepyHollow,4/10/2013,SPSA,NA
SleepyHollow,4/10/2013,WOFR,3
SleepyHollow,4/11/1996,SPSA,NA
SleepyHollow,4/11/1996,WOFR,1
SleepyHollow,4/12/1978,SPSA,NA
SleepyHollow,4/12/1995,PEEP,1
SleepyHollow,4/12/1995,SPSA,NA
SleepyHollow,4/12/1995,WOFR,1
SleepyHollow,4/12/2018,BULL,0
SleepyHollow,4/12/2018,GRFR,0
SleepyHollow,4/12/2018,JEBL,0
SleepyHollow,4/12/2018,JESA,0
SleepyHollow,4/12/2018,MASA,0
SleepyHollow,4/12/2018,NEWT,0
SleepyHollow,4/12/2018,PEEP,0
SleepyHollow,4/12/2018,SPSA,0
SleepyHollow,4/12/2018,WOFR,0
SleepyHollow,4/13/2005,SPSA,NA
SleepyHollow,4/13/2005,WOFR,NA
SleepyHollow,4/15/2011,MASA,NA
SleepyHollow,4/15/2011,SPSA,NA
SleepyHollow,4/16/1978,SPSA,NA
SleepyHollow,4/16/1997,MASA,NA
SleepyHollow,4/16/1997,PEEP,1
SleepyHollow,4/16/1997,SPSA,NA
SleepyHollow,4/16/1997,WOFR,5
SleepyHollow,4/16/2003,PEEP,4
SleepyHollow,4/16/2003,WOFR,50
SleepyHollow,4/17/2001,JESA,NA
SleepyHollow,4/17/2001,SPSA,NA
SleepyHollow,4/17/2001,WOFR,NA
SleepyHollow,4/17/2013,SPSA,NA
SleepyHollow,4/17/2013,WOFR,2
SleepyHollow,4/17/2014,PEEP,1
SleepyHollow,4/17/2014,SPSA,NA
SleepyHollow,4/17/2014,WOFR,NA
SleepyHollow,4/17/2018,BULL,0
SleepyHollow,4/17/2018,GRFR,0
SleepyHollow,4/17/2018,JEBL,0
SleepyHollow,4/17/2018,JESA,0
SleepyHollow,4/17/2018,MASA,0
SleepyHollow,4/17/2018,NEWT,0
SleepyHollow,4/17/2018,PEEP,0
SleepyHollow,4/17/2018,SPSA,0
SleepyHollow,4/17/2018,WOFR,0
SleepyHollow,4/18/1996,JESA,NA
SleepyHollow,4/18/1996,MASA,NA
SleepyHollow,4/18/1996,PEEP,3
SleepyHollow,4/18/1996,SPSA,NA
SleepyHollow,4/18/1996,WOFR,18
SleepyHollow,4/18/2019,BULL,0
SleepyHollow,4/18/2019,GRFR,0
SleepyHollow,4/18/2019,JEBL,0
SleepyHollow,4/18/2019,JESA,0
SleepyHollow,4/18/2019,MASA,0
SleepyHollow,4/18/2019,NEWT,0
SleepyHollow,4/18/2019,PEEP,0
SleepyHollow,4/18/2019,SPSA,0
SleepyHollow,4/18/2019,WOFR,0
SleepyHollow,4/19/2016,BULL,0
SleepyHollow,4/19/2016,GRFR,0
SleepyHollow,4/19/2016,JEBL,0
SleepyHollow,4/19/2016,JESA,0
SleepyHollow,4/19/2016,MASA,0
SleepyHollow,4/19/2016,NEWT,0
SleepyHollow,4/19/2016,PEEP,3
SleepyHollow,4/19/2016,SPSA,0
SleepyHollow,4/19/2016,WOFR,0
SleepyHollow,4/20/1993,PEEP,1
SleepyHollow,4/20/1993,SPSA,NA
SleepyHollow,4/20/1993,WOFR,1
SleepyHollow,4/21/2004,SPSA,NA
SleepyHollow,4/21/2004,WOFR,NA
SleepyHollow,4/21/2008,GRFR,2
SleepyHollow,4/21/2008,MASA,NA
SleepyHollow,4/21/2008,NEWT,1
SleepyHollow,4/21/2008,SPSA,NA
SleepyHollow,4/21/2008,WOFR,NA
SleepyHollow,4/24/2017,BULL,0
SleepyHollow,4/24/2017,GRFR,0
SleepyHollow,4/24/2017,JEBL,0
SleepyHollow,4/24/2017,JESA,0
SleepyHollow,4/24/2017,MASA,0
SleepyHollow,4/24/2017,NEWT,10
SleepyHollow,4/24/2017,PEEP,0
SleepyHollow,4/24/2017,SPSA,0
SleepyHollow,4/24/2017,WOFR,0
SleepyHollow,4/24/2019,BULL,0
SleepyHollow,4/24/2019,GRFR,1
SleepyHollow,4/24/2019,JEBL,0
SleepyHollow,4/24/2019,JESA,0
SleepyHollow,4/24/2019,MASA,0
SleepyHollow,4/24/2019,NEWT,0
SleepyHollow,4/24/2019,PEEP,0
SleepyHollow,4/24/2019,SPSA,0
SleepyHollow,4/24/2019,WOFR,0
SleepyHollow,4/25/1994,JESA,NA
SleepyHollow,4/25/1994,PEEP,3
SleepyHollow,4/25/1994,SPSA,NA
SleepyHollow,4/25/1994,WOFR,11
SleepyHollow,4/25/2007,SPSA,NA
SleepyHollow,4/25/2007,WOFR,NA
SleepyHollow,4/25/2018,BULL,0
SleepyHollow,4/25/2018,GRFR,0
SleepyHollow,4/25/2018,JEBL,0
SleepyHollow,4/25/2018,JESA,0
SleepyHollow,4/25/2018,MASA,0
SleepyHollow,4/25/2018,NEWT,0
SleepyHollow,4/25/2018,PEEP,0
SleepyHollow,4/25/2018,SPSA,15
SleepyHollow,4/25/2018,WOFR,0
SleepyHollow,4/26/1990,PEEP,2
SleepyHollow,4/26/1990,SPSA,NA
SleepyHollow,4/29/1992,JESA,NA
SleepyHollow,4/29/1992,JESA/JEBL,NA
SleepyHollow,4/29/1992,PEEP,2
SleepyHollow,4/29/1992,SPSA,NA
SleepyHollow,4/29/2003,PEEP,2
SleepyHollow,4/3/1992,JEBL,0
SleepyHollow,4/3/1992,JESA,0
SleepyHollow,4/3/1992,MASA,0
SleepyHollow,4/3/1992,SPSA,0
SleepyHollow,4/3/2019,BULL,0
SleepyHollow,4/3/2019,GRFR,0
SleepyHollow,4/3/2019,JEBL,0
SleepyHollow,4/3/2019,JESA,0
SleepyHollow,4/3/2019,MASA,0
SleepyHollow,4/3/2019,NEWT,1
SleepyHollow,4/3/2019,PEEP,0
SleepyHollow,4/3/2019,SPSA,0
SleepyHollow,4/3/2019,WOFR,1
SleepyHollow,4/30/1996,NEWT,NA
SleepyHollow,4/30/1998,MASA,0
SleepyHollow,4/30/1998,PEEP,1
SleepyHollow,4/30/1998,SPSA,NA
SleepyHollow,4/30/1998,WOFR,3
SleepyHollow,4/30/2007,SPSA,NA
SleepyHollow,4/4/1991,JESA,NA
SleepyHollow,4/4/1991,JESA/JEBL,NA
SleepyHollow,4/4/1991,PEEP,1
SleepyHollow,4/4/1991,SPSA,NA
SleepyHollow,4/4/1991,WOFR,1
SleepyHollow,4/5/2010,MASA,NA
SleepyHollow,4/5/2010,NEWT,1
SleepyHollow,4/5/2010,SPSA,NA
SleepyHollow,4/5/2010,WOFR,NA
SleepyHollow,4/5/2018,BULL,0
SleepyHollow,4/5/2018,GRFR,0
SleepyHollow,4/5/2018,JEBL,0
SleepyHollow,4/5/2018,JESA,0
SleepyHollow,4/5/2018,MASA,0
SleepyHollow,4/5/2018,NEWT,0
SleepyHollow,4/5/2018,PEEP,0
SleepyHollow,4/5/2018,SPSA,0
SleepyHollow,4/5/2018,WOFR,0
SleepyHollow,4/7/1997,SPSA,NA
SleepyHollow,4/7/1997,WOFR,1
SleepyHollow,4/7/2010,GRFR,1
SleepyHollow,4/8/2004,PEEP,5
SleepyHollow,4/8/2004,SPSA,NA
SleepyHollow,4/8/2004,WOFR,20
SleepyHollow,4/8/2005,PEEP,15
SleepyHollow,4/9/2004,PEEP,10
SleepyHollow,4/9/2004,WOFR,5
SleepyHollow,4/9/2008,MASA,NA
SleepyHollow,4/9/2008,PEEP,3
SleepyHollow,4/9/2008,SPSA,NA
SleepyHollow,4/9/2008,WOFR,8
SleepyHollow,4/9/2019,BULL,0
SleepyHollow,4/9/2019,GRFR,0
SleepyHollow,4/9/2019,JEBL,0
SleepyHollow,4/9/2019,JESA,0
SleepyHollow,4/9/2019,MASA,0
SleepyHollow,4/9/2019,NEWT,0
SleepyHollow,4/9/2019,PEEP,0
SleepyHollow,4/9/2019,SPSA,2
SleepyHollow,4/9/2019,WOFR,0
SleepyHollow,5/17/2010,NEWT,NA
SleepyHollow,5/17/2010,PEEP,1
SleepyHollow,5/17/2010,WOFR,1
Talus,3/22/2016,BULL,0
Talus,3/22/2016,GRFR,0
Talus,3/22/2016,JEBL,0
Talus,3/22/2016,JESA,0
Talus,3/22/2016,MASA,0
Talus,3/22/2016,NEWT,0
Talus,3/22/2016,PEEP,0
Talus,3/22/2016,SPSA,0
Talus,3/22/2016,WOFR,0
Talus,4/10/2008,GRFR,11
Talus,4/10/2008,MASA,NA
Talus,4/10/2008,SPSA,NA
Talus,4/10/2008,WOFR,1
Talus,4/10/2013,GRFR,3
Talus,4/10/2013,MASA,NA
Talus,4/10/2013,SPSA,NA
Talus,4/10/2013,WOFR,NA
Talus,4/11/2006,MASA,NA
Talus,4/11/2006,SPSA,NA
Talus,4/11/2019,BULL,0
Talus,4/11/2019,GRFR,0
Talus,4/11/2019,JEBL,0
Talus,4/11/2019,JESA,0
Talus,4/11/2019,MASA,0
Talus,4/11/2019,NEWT,0
Talus,4/11/2019,PEEP,0
Talus,4/11/2019,SPSA,0
Talus,4/11/2019,WOFR,0
Talus,4/14/2011,GRFR,2
Talus,4/14/2011,JESA,NA
Talus,4/14/2011,MASA,NA
Talus,4/14/2011,PEEP,1
Talus,4/14/2011,SPSA,NA
Talus,4/14/2011,WOFR,6
Talus,4/14/2016,BULL,0
Talus,4/14/2016,GRFR,0
Talus,4/14/2016,JEBL,0
Talus,4/14/2016,JESA,0
Talus,4/14/2016,MASA,0
Talus,4/14/2016,NEWT,0
Talus,4/14/2016,PEEP,0
Talus,4/14/2016,SPSA,0
Talus,4/14/2016,WOFR,0
Talus,4/15/2002,GRFR,2
Talus,4/15/2002,MASA,NA
Talus,4/15/2002,SPSA,NA
Talus,4/15/2002,WOFR,NA
Talus,4/17/2014,MASA,NA
Talus,4/17/2014,SPSA,NA
Talus,4/19/1995,MASA,NA
Talus,4/19/1995,SPSA,NA
Talus,4/19/1995,WOFR,1
Talus,4/19/2005,BULL,NA
Talus,4/19/2005,GRFR,23
Talus,4/19/2005,MASA,NA
Talus,4/19/2005,SPSA,NA
Talus,4/2/1992,SPSA,NA
Talus,4/2/2019,BULL,0
Talus,4/2/2019,GRFR,0
Talus,4/2/2019,JEBL,0
Talus,4/2/2019,JESA,0
Talus,4/2/2019,MASA,0
Talus,4/2/2019,NEWT,0
Talus,4/2/2019,PEEP,0
Talus,4/2/2019,SPSA,0
Talus,4/2/2019,WOFR,0
Talus,4/20/2004,GRFR,2
Talus,4/20/2004,MASA,NA
Talus,4/20/2004,SPSA,NA
Talus,4/20/2004,WOFR,1
Talus,4/23/1997,GRFR,2
Talus,4/23/1997,MASA,NA
Talus,4/23/1997,SPSA,NA
Talus,4/23/1997,WOFR,1
Talus,4/23/2001,GRFR,4
Talus,4/23/2001,MASA,NA
Talus,4/23/2001,SPSA,NA
Talus,4/23/2001,WOFR,1
Talus,4/23/2007,GRFR,1
Talus,4/23/2007,SPSA,NA
Talus,4/24/2007,WOFR,1
Talus,4/28/1993,MASA,NA
Talus,4/28/1993,SPSA,NA
Talus,4/28/1993,WOFR,6
Talus,4/3/1992,MASA,NA
Talus,4/3/1992,SPSA,NA
Talus,4/6/1992,MASA,NA
Talus,4/6/1992,SPSA,NA
Talus,4/7/1992,MASA,NA
Talus,4/7/1993,MASA,NA
Talus,4/7/1993,SPSA,2
Talus,4/7/2009,MASA,NA
Talus,4/7/2009,SPSA,NA
Talus,4/7/2010,GRFR,62
Talus,4/7/2010,MASA,NA
Talus,4/7/2010,SPSA,NA
Talus,4/7/2010,WOFR,NA
Talus,4/8/1993,MASA,NA
Talus,4/8/1993,SPSA,NA
Talus,4/8/2017,BULL,0
Talus,4/8/2017,GRFR,0
Talus,4/8/2017,JEBL,0
Talus,4/8/2017,JESA,0
Talus,4/8/2017,MASA,0
Talus,4/8/2017,NEWT,0
Talus,4/8/2017,PEEP,0
Talus,4/8/2017,SPSA,0
Talus,4/8/2017,WOFR,0
Talus,5/1/2019,BULL,0
Talus,5/1/2019,GRFR,0
Talus,5/1/2019,JEBL,0
Talus,5/1/2019,JESA,0
Talus,5/1/2019,MASA,0
Talus,5/1/2019,NEWT,0
Talus,5/1/2019,PEEP,0
Talus,5/1/2019,SPSA,0
Talus,5/1/2019,WOFR,0
Talus,5/6/1998,GRFR,21
Talus,5/6/1998,MASA,NA
Talus,5/6/1998,NEWT,NA
Talus,5/6/1998,SPSA,NA
Terrace,3/14/2012,WOFR,2
Terrace,3/18/2003,NEWT,0
Terrace,3/18/2011,WOFR,1
Terrace,3/18/2016,BULL,0
Terrace,3/18/2016,GRFR,0
Terrace,3/18/2016,JEBL,0
Terrace,3/18/2016,JESA,0
Terrace,3/18/2016,MASA,0
Terrace,3/18/2016,NEWT,0
Terrace,3/18/2016,PEEP,0
Terrace,3/18/2016,SPSA,0
Terrace,3/18/2016,WOFR,0
Terrace,3/23/2010,WOFR,8
Terrace,3/27/1998,WOFR,1
Terrace,3/27/2004,PEEP,1
Terrace,3/27/2004,WOFR,20
Terrace,3/27/2009,WOFR,6
Terrace,3/28/2018,BULL,0
Terrace,3/28/2018,GRFR,0
Terrace,3/28/2018,JEBL,0
Terrace,3/28/2018,JESA,0
Terrace,3/28/2018,MASA,0
Terrace,3/28/2018,NEWT,0
Terrace,3/28/2018,PEEP,0
Terrace,3/28/2018,SPSA,0
Terrace,3/28/2018,WOFR,0
Terrace,3/29/2008,WOFR,6
Terrace,3/30/2009,WOFR,5
Terrace,3/30/2019,BULL,0
Terrace,3/30/2019,GRFR,0
Terrace,3/30/2019,JEBL,0
Terrace,3/30/2019,JESA,0
Terrace,3/30/2019,MASA,0
Terrace,3/30/2019,NEWT,0
Terrace,3/30/2019,PEEP,0
Terrace,3/30/2019,SPSA,0
Terrace,3/30/2019,WOFR,50
Terrace,4/1/2013,SPSA,0
Terrace,4/1/2013,WOFR,165
Terrace,4/10/2002,SPSA,NA
Terrace,4/10/2002,WOFR,NA
Terrace,4/10/2013,PEEP,3
Terrace,4/10/2013,SPSA,NA
Terrace,4/10/2013,WOFR,NA
Terrace,4/12/2018,BULL,0
Terrace,4/12/2018,GRFR,0
Terrace,4/12/2018,JEBL,0
Terrace,4/12/2018,JESA,0
Terrace,4/12/2018,MASA,0
Terrace,4/12/2018,NEWT,0
Terrace,4/12/2018,PEEP,0
Terrace,4/12/2018,SPSA,0
Terrace,4/12/2018,WOFR,0
Terrace,4/13/2005,SPSA,NA
Terrace,4/13/2005,WOFR,NA
Terrace,4/14/2008,SPSA,NA
Terrace,4/14/2008,WOFR,NA
Terrace,4/16/1978,SPSA,NA
Terrace,4/17/2001,WOFR,NA
Terrace,4/17/2014,SPSA,NA
Terrace,4/17/2014,WOFR,NA
Terrace,4/19/2016,BULL,0
Terrace,4/19/2016,GRFR,0
Terrace,4/19/2016,JEBL,0
Terrace,4/19/2016,JESA,0
Terrace,4/19/2016,MASA,0
Terrace,4/19/2016,NEWT,0
Terrace,4/19/2016,PEEP,0
Terrace,4/19/2016,SPSA,0
Terrace,4/19/2016,WOFR,0
Terrace,4/2/2005,PEEP,3
Terrace,4/2/2009,SPSA,NA
Terrace,4/21/2017,BULL,0
Terrace,4/21/2017,GRFR,0
Terrace,4/21/2017,JEBL,0
Terrace,4/21/2017,JESA,0
Terrace,4/21/2017,MASA,0
Terrace,4/21/2017,NEWT,0
Terrace,4/21/2017,PEEP,0
Terrace,4/21/2017,SPSA,0
Terrace,4/21/2017,WOFR,0
Terrace,4/22/2019,BULL,0
Terrace,4/22/2019,GRFR,0
Terrace,4/22/2019,JEBL,0
Terrace,4/22/2019,JESA,0
Terrace,4/22/2019,MASA,0
Terrace,4/22/2019,NEWT,0
Terrace,4/22/2019,PEEP,0
Terrace,4/22/2019,SPSA,0
Terrace,4/22/2019,WOFR,0
Terrace,4/23/2001,WOFR,NA
Terrace,4/23/2017,BULL,0
Terrace,4/23/2017,GRFR,0
Terrace,4/23/2017,JEBL,0
Terrace,4/23/2017,JESA,0
Terrace,4/23/2017,MASA,0
Terrace,4/23/2017,NEWT,0
Terrace,4/23/2017,PEEP,0
Terrace,4/23/2017,SPSA,0
Terrace,4/23/2017,WOFR,0
Terrace,4/3/2019,BULL,0
Terrace,4/3/2019,GRFR,0
Terrace,4/3/2019,JEBL,0
Terrace,4/3/2019,JESA,0
Terrace,4/3/2019,MASA,0
Terrace,4/3/2019,NEWT,0
Terrace,4/3/2019,PEEP,0
Terrace,4/3/2019,SPSA,0
Terrace,4/3/2019,WOFR,20
Terrace,4/30/1998,PEEP,1
Terrace,4/30/1998,SPSA,NA
Terrace,4/30/1998,WOFR,NA
Terrace,4/5/1955,WOFR,1
Terrace,4/5/2017,BULL,0
Terrace,4/5/2017,GRFR,0
Terrace,4/5/2017,JEBL,0
Terrace,4/5/2017,JESA,0
Terrace,4/5/2017,MASA,0
Terrace,4/5/2017,NEWT,0
Terrace,4/5/2017,PEEP,0
Terrace,4/5/2017,SPSA,0
Terrace,4/5/2017,WOFR,7
Terrace,4/6/2005,WOFR,12
Terrace,4/9/2019,BULL,0
Terrace,4/9/2019,GRFR,0
Terrace,4/9/2019,JEBL,0
Terrace,4/9/2019,JESA,0
Terrace,4/9/2019,MASA,0
Terrace,4/9/2019,NEWT,0
Terrace,4/9/2019,PEEP,0
Terrace,4/9/2019,SPSA,0
Terrace,4/9/2019,WOFR,3
Terrace,5/1/1997,PEEP,1
Terrace,5/1/1997,SPSA,NA
Terrace,5/1/2018,BULL,0
Terrace,5/1/2018,GRFR,0
Terrace,5/1/2018,JEBL,0
Terrace,5/1/2018,JESA,0
Terrace,5/1/2018,MASA,0
Terrace,5/1/2018,NEWT,0
Terrace,5/1/2018,PEEP,0
Terrace,5/1/2018,SPSA,0
Terrace,5/1/2018,WOFR,0
Terrace,5/17/1993,JEBL,0
Terrace,5/17/1993,JESA,0
Terrace,5/17/1993,MASA,0
Terrace,5/17/1993,SPSA,0
Terrace,5/9/2013,NEWT,NA
Terrace,5/9/2013,PEEP,1
,,,
